-8.429545917811899926e+03,-1.026235110021910987e+04,-1.210383330072271747e+04,-1.394993739529001869e+04,-1.579844196823512721e+04,-1.765402472069300711e+04,-1.951877762467250432e+04,-2.139350206408835948e+04,-2.326836963521550206e+04,-2.513582971577905118e+04,-2.701631037653957537e+04,-2.892818206236138940e+04,-3.085246262278810173e+04,-3.277146629469282925e+04,-3.468992941681887896e+04,-3.660986229097284377e+04,-3.852805319880835305e+04,-4.043512678863108158e+04,-4.235151193738735310e+04,-4.429889712173119187e+04,-4.626353571240999008e+04,-4.822510796347819269e+04,-5.017922987034919061e+04,-5.212754601961560547e+04,-5.408971559959217120e+04,-5.607123562131635845e+04,-5.805073527288827609e+04,-6.001608476341143250e+04,-6.199049747680432483e+04,-6.400256533727794886e+04,-6.603731221970156184e+04,-6.805809093662351370e+04,-7.006099818067059095e+04,-7.205216803932934999e+04,-7.404775661650681286e+04,-7.606395028748735785e+04,-7.809123333681767690e+04,-8.011088677234947681e+04,-8.213858079581343918e+04,-8.419949351344257593e+04,-8.627697805520513793e+04,-8.835258726791292429e+04,-9.043012210862824577e+04,-9.249286962255835533e+04,-9.452728847131013754e+04,-9.653794511470943689e+04,-9.859300966249185149e+04,-1.007362136530578136e+05,-1.028356414788926049e+05
-1.196240778873611998e+04,-1.380286571011098567e+04,-1.565086833557715727e+04,-1.750032974383868350e+04,-1.936255609585717320e+04,-2.122595782343111932e+04,-2.309621991363354027e+04,-2.498304162211902440e+04,-2.687090346291661263e+04,-2.874813855484873056e+04,-3.063483716354519129e+04,-3.254762740339525044e+04,-3.446408488654531538e+04,-3.636418871109746397e+04,-3.826931551587767899e+04,-4.020144023275934160e+04,-4.214103756478987634e+04,-4.406923800394870341e+04,-4.599940960685722530e+04,-4.794959694107621908e+04,-4.991212880212441087e+04,-5.187284235770627856e+04,-5.382647475333698094e+04,-5.578221059872582555e+04,-5.776038965516723692e+04,-5.976600230610743165e+04,-6.176089560387283564e+04,-6.371859154059365392e+04,-6.567720826850086451e+04,-6.767674469286948442e+04,-6.971071853768453002e+04,-7.175718705864623189e+04,-7.378621933199651539e+04,-7.578550767594948411e+04,-7.778445367288962007e+04,-7.981086154712364078e+04,-8.185598710162192583e+04,-8.390189851657301188e+04,-8.593981043910980225e+04,-8.797215131877362728e+04,-9.001509030746668577e+04,-9.208552305911108851e+04,-9.418481560071930289e+04,-9.629206318754702806e+04,-9.836431748131290078e+04,-1.003933735439442098e+05,-1.024467797166071832e+05,-1.045636016853302717e+05,-1.066399362087957561e+05
-1.549810015104414742e+04,-1.736135291517623045e+04,-1.920417264957265070e+04,-2.105807030293795833e+04,-2.293023154964645437e+04,-2.479903632050193846e+04,-2.667304184935914236e+04,-2.856989736505784094e+04,-3.047014512021353585e+04,-3.235936366722173989e+04,-3.425460641249403125e+04,-3.617046833611652255e+04,-3.808252409856911981e+04,-3.996962752657011151e+04,-4.186759824546975869e+04,-4.381673781846836209e+04,-4.577692787443563429e+04,-4.772267516887187958e+04,-4.966464719547910499e+04,-5.162003940783813596e+04,-5.358094530796030449e+04,-5.553858029828965664e+04,-5.748925668234515615e+04,-5.945027742849662900e+04,-6.143772203230371088e+04,-6.345950635274685919e+04,-6.546608198391531187e+04,-6.741916291637532413e+04,-6.937574076624160807e+04,-7.137971001566946507e+04,-7.341107158171526680e+04,-7.546279698453843594e+04,-7.750158757682125724e+04,-7.951215449462831020e+04,-8.152445919456810225e+04,-8.356088361889496446e+04,-8.561726985598329338e+04,-8.769022270542755723e+04,-8.974315466076599841e+04,-9.174718134347349405e+04,-9.375621907945277053e+04,-9.582792298150807619e+04,-9.795332035985574475e+04,-1.001046845787577331e+05,-1.022110916643998644e+05,-1.042470475686974823e+05,-1.062717010472252296e+05,-1.083258568484857678e+05,-1.103349938673228025e+05
-1.905087431244199252e+04,-2.091838023292819344e+04,-2.276558261822777422e+04,-2.462483871641007136e+04,-2.650461285693291575e+04,-2.838763487670756876e+04,-3.027463325798138976e+04,-3.217077083150483668e+04,-3.407284645283408463e+04,-3.597685126627609134e+04,-3.788480022738128901e+04,-3.979867232059501112e+04,-4.171009830724634230e+04,-4.361326993970572948e+04,-4.553295333244651556e+04,-4.748925002289749682e+04,-4.945379359876550734e+04,-5.139991334979608655e+04,-5.334648555748164654e+04,-5.531333399057947099e+04,-5.728517499114759266e+04,-5.924043544949963689e+04,-6.119039409860409796e+04,-6.315632933960855007e+04,-6.514719480192475021e+04,-6.715628814521059394e+04,-6.915123163939639926e+04,-7.111763207322172821e+04,-7.310438641333766282e+04,-7.514810618824325502e+04,-7.719640708941966295e+04,-7.919740346752479672e+04,-8.119447058877907693e+04,-8.323866018765792251e+04,-8.529743348539248109e+04,-8.733287818508036435e+04,-8.938087214619293809e+04,-9.146896711082011461e+04,-9.353689366003125906e+04,-9.553706400963664055e+04,-9.754327860300615430e+04,-9.963611392891407013e+04,-1.017953263695463538e+05,-1.039581195311918855e+05,-1.060617118653841317e+05,-1.080824559378586709e+05,-1.100610850163660944e+05,-1.120279719094410539e+05,-1.139431463392078876e+05
-2.263342732771626834e+04,-2.449020332357287407e+04,-2.633654218781448799e+04,-2.820200951066520065e+04,-3.008648485329053437e+04,-3.197856207146123052e+04,-3.387806149012842070e+04,-3.577773581561353058e+04,-3.768397349062513240e+04,-3.959815216870978475e+04,-4.151164868805583683e+04,-4.342154210220277309e+04,-4.534049524469886092e+04,-4.727179141777008772e+04,-4.921771316848873539e+04,-5.117437422305531800e+04,-5.313137161461665528e+04,-5.506933510866388679e+04,-5.701695664074669185e+04,-5.899337046367675066e+04,-6.097957056219170772e+04,-6.294219359928928316e+04,-6.490402159532783844e+04,-6.688092769134789705e+04,-6.887171511478774482e+04,-7.086447249873913825e+04,-7.284955873692499881e+04,-7.483095679833181202e+04,-7.684483916397709982e+04,-7.892409121989458799e+04,-8.098865156488542561e+04,-8.294177100143209100e+04,-8.489947435504256282e+04,-8.697410177042521536e+04,-8.907349150550954801e+04,-9.110413538513518870e+04,-9.313910377522675844e+04,-9.523694077606871724e+04,-9.732485600368729501e+04,-9.933807437526434660e+04,-1.013639112036910519e+05,-1.034884664500169456e+05,-1.056647002573601494e+05,-1.078084002678059042e+05,-1.098774180724649341e+05,-1.118534795650094748e+05,-1.137666175356246531e+05,-1.156379413636960089e+05,-1.174484041412323713e+05
-2.619325478973798454e+04,-2.805999678440578282e+04,-2.991764624029211700e+04,-3.178907551465835422e+04,-3.367271152002830058e+04,-3.556106480294186622e+04,-3.746249372122064233e+04,-3.938396837338060141e+04,-4.130920996464882046e+04,-4.322209636768419296e+04,-4.512609786732122302e+04,-4.703323043231572956e+04,-4.896080420576781034e+04,-5.091864408836420625e+04,-5.288157837632857263e+04,-5.482427420290559530e+04,-5.676210792962461710e+04,-5.871079946355149150e+04,-6.066941426392085850e+04,-6.263839272486418486e+04,-6.461913871705904603e+04,-6.661057886676862836e+04,-6.860688707967102528e+04,-7.060085185378044844e+04,-7.259339561976306140e+04,-7.458585213737748563e+04,-7.657906544859893620e+04,-7.857730615570023656e+04,-8.059750602910667658e+04,-8.264940631897002459e+04,-8.468720256602205336e+04,-8.667411656840331852e+04,-8.867072148924879730e+04,-9.073078924557194114e+04,-9.280906209648586810e+04,-9.485944002750515938e+04,-9.691123870157822967e+04,-9.899772213115915656e+04,-1.010849528266098350e+05,-1.031410115836188197e+05,-1.052135533494427800e+05,-1.073464498758092523e+05,-1.094943857379034162e+05,-1.115885073590613902e+05,-1.135941138321273029e+05,-1.155045568653531373e+05,-1.173389790431484580e+05,-1.191131540275029838e+05,-1.208192327588237822e+05
-2.974490400317390959e+04,-3.162994930846616626e+04,-3.350632164661052229e+04,-3.538651877419278026e+04,-3.727239880572039692e+04,-3.916064824670739472e+04,-4.106456832680758816e+04,-4.300438131525088102e+04,-4.494292744421485258e+04,-4.685208799628354609e+04,-4.875163516913272178e+04,-5.066231089587882161e+04,-5.259260765778912173e+04,-5.455879355243314058e+04,-5.652436283421290864e+04,-5.845518841917440295e+04,-6.039107795197839732e+04,-6.236632910266425461e+04,-6.433953531098958774e+04,-6.629356246397644281e+04,-6.825923335785412928e+04,-7.027567997688055038e+04,-7.230582372021838091e+04,-7.431449326075986028e+04,-7.631187118853167340e+04,-7.831586034297384322e+04,-8.033175166332264780e+04,-8.235176760256104171e+04,-8.436270824984743376e+04,-8.636280378237925470e+04,-8.836775329274292744e+04,-9.040740882563963532e+04,-9.246725317738797457e+04,-9.452030467391945422e+04,-9.657001013369469729e+04,-9.863356069506891072e+04,-1.006978156724712753e+05,-1.027672588693872094e+05,-1.048524475493666978e+05,-1.069538234831579030e+05,-1.090669030246431939e+05,-1.111833444214910269e+05,-1.132617464550939330e+05,-1.152661734788678586e+05,-1.171787783289737999e+05,-1.190002134074568748e+05,-1.207435218358524144e+05,-1.224194463954418898e+05,-1.240249644074402750e+05
-3.331517998390458524e+04,-3.521570703147724271e+04,-3.710820433466695249e+04,-3.899300959230773151e+04,-4.088598685154691339e+04,-4.279721167372912169e+04,-4.472106953222677112e+04,-4.664847733310237527e+04,-4.857079171659145504e+04,-5.048561212176270783e+04,-5.240443839413393289e+04,-5.433451716638170183e+04,-5.627113791712187231e+04,-5.820882367802225053e+04,-6.014860640145279467e+04,-6.209909497502539307e+04,-6.407525499712955207e+04,-6.607749551472626626e+04,-6.806268159347027540e+04,-7.000449957998003811e+04,-7.195911539794132113e+04,-7.397857886271923780e+04,-7.601857117504253983e+04,-7.802949236924014986e+04,-8.002833572589419782e+04,-8.204726703820563853e+04,-8.409047207706607878e+04,-8.614060313072428107e+04,-8.815475813795439899e+04,-9.011236603652872145e+04,-9.209221024543419480e+04,-9.416514277568645775e+04,-9.627163089077360928e+04,-9.834139953781291842e+04,-1.003895370048247278e+05,-1.024471149215847254e+05,-1.045085009621977806e+05,-1.065603649262823164e+05,-1.086439553720690310e+05,-1.107844356037098914e+05,-1.129143040414489806e+05,-1.149680206012651324e+05,-1.169320889784321189e+05,-1.188088118641264737e+05,-1.206002038403041661e+05,-1.223120173130445182e+05,-1.239533434001430869e+05,-1.255303317141644657e+05,-1.270404935739599168e+05
-3.690286140244417766e+04,-3.881120576975867152e+04,-4.071249240967987862e+04,-4.259898674409836531e+04,-4.450250892087077227e+04,-4.644191524061933160e+04,-4.838484053996257717e+04,-5.029199316714145243e+04,-5.219301657886151224e+04,-5.411660508315730840e+04,-5.606283460061137157e+04,-5.801882859774027020e+04,-5.996574712766396260e+04,-6.187899207625351846e+04,-6.379797501402772468e+04,-6.577084984987974167e+04,-6.778200911533810722e+04,-6.980488073339872062e+04,-7.180534067852780572e+04,-7.374758169050887227e+04,-7.570033006171787565e+04,-7.772018721739016473e+04,-7.975418201111441886e+04,-8.175223373800329864e+04,-8.374744555046895402e+04,-8.578022138642705977e+04,-8.784021592641231837e+04,-8.990718266842141747e+04,-9.193730579650298750e+04,-9.389053869771026075e+04,-9.587038813369224954e+04,-9.796304352270811796e+04,-1.000818340598134528e+05,-1.021515488770343363e+05,-1.041994980959300447e+05,-1.062495354307331145e+05,-1.083215661231281701e+05,-1.103868200544100255e+05,-1.124773819491546164e+05,-1.146177589614465833e+05,-1.166932096814000979e+05,-1.186227323979977518e+05,-1.204345014720316976e+05,-1.221600650029741228e+05,-1.238146647058688104e+05,-1.254069316090829670e+05,-1.269426660892255604e+05,-1.284237756393589079e+05,-1.298461582827977836e+05
-4.050824932323396206e+04,-4.241118661950714886e+04,-4.430781513013783842e+04,-4.620142112807184458e+04,-4.811703399609960616e+04,-5.006810081680491567e+04,-5.201300014443136752e+04,-5.391488071705494076e+04,-5.581227274825423956e+04,-5.774860065886937082e+04,-5.971302707389276475e+04,-6.168323089746106416e+04,-6.363832061403430998e+04,-6.556833388414420187e+04,-6.750298466638848186e+04,-6.947402199149318039e+04,-7.147808028380945325e+04,-7.349625793873425573e+04,-7.550046038065198809e+04,-7.747830731663573533e+04,-7.946424698076676577e+04,-8.147991766286920756e+04,-8.349350278753694147e+04,-8.547839330176915973e+04,-8.747431297641247511e+04,-8.952042473604530096e+04,-9.158490769640542567e+04,-9.362339267835766077e+04,-9.564538158823177218e+04,-9.767894474532268941e+04,-9.973427231168001890e+04,-1.018042137209549546e+05,-1.038667680689804256e+05,-1.059152350112330168e+05,-1.079644294189605862e+05,-1.100181054042316973e+05,-1.121081262207590044e+05,-1.142541599859837443e+05,-1.163713081109933555e+05,-1.183935734131932259e+05,-1.202874950076118112e+05,-1.220396098069380969e+05,-1.236826907194629312e+05,-1.252540903870649636e+05,-1.267738731500357389e+05,-1.282507564292550087e+05,-1.296873544402346015e+05,-1.310817869179509580e+05,-1.324276301200278103e+05
-4.413816194379472290e+04,-4.603385949232988060e+04,-4.792488119667414867e+04,-4.982520218062028289e+04,-5.174431079100356146e+04,-5.369226044902577996e+04,-5.563320693794785620e+04,-5.754060724274441600e+04,-5.945386958090150438e+04,-6.141208990810997784e+04,-6.338211944400197535e+04,-6.534620490940287709e+04,-6.730439723911159672e+04,-6.926607540534064174e+04,-7.123227807997420314e+04,-7.319809638080559671e+04,-7.517634849783427489e+04,-7.717558356226049364e+04,-7.917660552365901822e+04,-8.118133828211203218e+04,-8.320010200979308865e+04,-8.522520658405963331e+04,-8.723320306800962135e+04,-8.920456582623068243e+04,-9.119578664723977272e+04,-9.325759903068561107e+04,-9.532970976291828265e+04,-9.733741559525206685e+04,-9.935425146358612983e+04,-1.014774476522020996e+05,-1.036113425313915359e+05,-1.056523588917162269e+05,-1.076471257420485344e+05,-1.096672896225042641e+05,-1.117487690282977419e+05,-1.138680600258074701e+05,-1.159903518544337712e+05,-1.181462300856597722e+05,-1.201570230510235851e+05,-1.219441662096492946e+05,-1.235848369198385626e+05,-1.251281310243457556e+05,-1.266033540258370340e+05,-1.280350589395835996e+05,-1.294375795758143067e+05,-1.308160046077594161e+05,-1.321693703587092459e+05,-1.334925358877070248e+05,-1.347768803444057703e+05
-4.779034341734647751e+04,-4.968101515230163932e+04,-5.157497208594158292e+04,-5.348783552582282573e+04,-5.541324948847107589e+04,-5.733781798459030688e+04,-5.925921780263725668e+04,-6.119159214207623154e+04,-6.314814144319202751e+04,-6.512625520711950958e+04,-6.709295797782065347e+04,-6.902562784982286394e+04,-7.096832320117112249e+04,-7.296212443261221051e+04,-7.496544792793784291e+04,-7.693284072023723274e+04,-7.889301630095485598e+04,-8.087968303717859089e+04,-8.287643548783008009e+04,-8.486900739496108145e+04,-8.688589658220391721e+04,-8.894262379052396864e+04,-9.097530323724634945e+04,-9.293876371379476041e+04,-9.491784127510990947e+04,-9.699056551934219897e+04,-9.907640752145089209e+04,-1.010969188751531765e+05,-1.031397350941188633e+05,-1.052864665103554726e+05,-1.074312393527813256e+05,-1.094663218831252307e+05,-1.114453351353723556e+05,-1.134488434530440718e+05,-1.155701754309237003e+05,-1.178358977167978883e+05,-1.200143584592808038e+05,-1.219083795692585409e+05,-1.235622963930591941e+05,-1.250526581263411790e+05,-1.264532362493798137e+05,-1.278113452121671289e+05,-1.291465426277536899e+05,-1.304689718610234559e+05,-1.317832583682872355e+05,-1.330889345190674067e+05,-1.343814379948601127e+05,-1.356530712514109910e+05,-1.368935865695364773e+05
-5.141750345637156715e+04,-5.330519821047596633e+04,-5.521269968913432240e+04,-5.715349198395945132e+04,-5.910012832965719281e+04,-6.101108723063021898e+04,-6.291181315260560223e+04,-6.485687769354321063e+04,-6.684043390020096558e+04,-6.883202063514944166e+04,-7.080178679724963149e+04,-7.271081628740625456e+04,-7.463867588086921023e+04,-7.665822414116235450e+04,-7.869151778815442231e+04,-8.066035176169779152e+04,-8.261284113446803531e+04,-8.460116676592174917e+04,-8.660141454658948351e+04,-8.857834107321500778e+04,-9.058101432423353253e+04,-9.266327924867719412e+04,-9.472985401242226362e+04,-9.670074099313560873e+04,-9.867267899328107887e+04,-1.007494667429523543e+05,-1.028433620156899560e+05,-1.048793127805441618e+05,-1.069407946481239487e+05,-1.090834705874044448e+05,-1.112043102408292179e+05,-1.132218924161326140e+05,-1.152447639889741113e+05,-1.173124569518286735e+05,-1.194309208734771673e+05,-1.216423288178630173e+05,-1.236204094001850899e+05,-1.250817211249414831e+05,-1.263492596646398306e+05,-1.275838058879431337e+05,-1.288141640188917518e+05,-1.300505875311195850e+05,-1.312962683093249798e+05,-1.325507767751514912e+05,-1.338115201677791774e+05,-1.350736356650851667e+05,-1.363299388090893626e+05,-1.375711348846759647e+05,-1.387860991834923625e+05
-5.498902710869349539e+04,-5.688169403633475304e+04,-5.880847981112636626e+04,-6.078948525244742632e+04,-6.277125256667099893e+04,-6.470032180498540401e+04,-6.660130779599118978e+04,-6.852050065341964364e+04,-7.048218341214396060e+04,-7.247777204408682883e+04,-7.445702648690342903e+04,-7.639231470633717254e+04,-7.834216017870604992e+04,-8.035822242398606613e+04,-8.238776001444552094e+04,-8.436781486282171682e+04,-8.632960379868838936e+04,-8.832302188498573378e+04,-9.033312106932792813e+04,-9.233389503669086844e+04,-9.435137147272471339e+04,-9.640867714856844395e+04,-9.846931060895044357e+04,-1.004983667860357091e+05,-1.025172965390365571e+05,-1.045521242730626836e+05,-1.065986560368658975e+05,-1.086543247123658657e+05,-1.107400887184208259e+05,-1.128586275525232777e+05,-1.149367400031778961e+05,-1.169291184917064384e+05,-1.190112413064576685e+05,-1.212839740245379508e+05,-1.233838316509630531e+05,-1.249977534338179976e+05,-1.262423141830135137e+05,-1.273363182580787688e+05,-1.284191049367543310e+05,-1.295368645809795707e+05,-1.306903995544817299e+05,-1.318737042754106224e+05,-1.330813176916521043e+05,-1.343078466539047658e+05,-1.355473153698258102e+05,-1.367926403823196888e+05,-1.380353176283743232e+05,-1.392653627196811140e+05,-1.404714187121242285e+05
-5.858150465879068361e+04,-6.048393874050490558e+04,-6.242020771316966420e+04,-6.442119619235303253e+04,-6.642184956161418813e+04,-6.836749677567835897e+04,-7.028170343947458605e+04,-7.218462411952484399e+04,-7.412459438988649345e+04,-7.612474355820100754e+04,-7.811796352015864977e+04,-8.007971010242868215e+04,-8.204670094868270098e+04,-8.405540264443960041e+04,-8.608113020356043126e+04,-8.807637595747504383e+04,-9.005202263912175840e+04,-9.204924971408210695e+04,-9.406903058025697828e+04,-9.610177811450092122e+04,-9.813942737542111718e+04,-1.001640115453004837e+05,-1.022071866871147795e+05,-1.042929066225951537e+05,-1.063684053444426390e+05,-1.083703220584262162e+05,-1.103708278163213108e+05,-1.124383047078670934e+05,-1.145314172796771309e+05,-1.166202173813031986e+05,-1.187096549405965343e+05,-1.207581214695218951e+05,-1.228762779423423635e+05,-1.251875366344721988e+05,-1.270181745440797240e+05,-1.278323129213545471e+05,-1.282792313261423842e+05,-1.290378436711188406e+05,-1.300089934112485498e+05,-1.310752908200658858e+05,-1.322010466323625296e+05,-1.333697565779369324e+05,-1.345707765761241317e+05,-1.357955853994525969e+05,-1.370361461472138762e+05,-1.382840429218448699e+05,-1.395300203978195786e+05,-1.407637955846227705e+05,-1.419740567095279694e+05
-6.225810497150942683e+04,-6.417739891063049436e+04,-6.611853765720874071e+04,-6.807758039313554764e+04,-7.003972221905086190e+04,-7.199010186794586480e+04,-7.392873583972919732e+04,-7.586790744087006897e+04,-7.783392235806677490e+04,-7.983662599006202072e+04,-8.183020608670078218e+04,-8.378524355775816366e+04,-8.574394002459943295e+04,-8.774813471524836496e+04,-8.978121572264097631e+04,-9.180823082097014412e+04,-9.380984760377788916e+04,-9.579174605558207259e+04,-9.779588244675798342e+04,-9.984982737900083885e+04,-1.019040953362402506e+05,-1.039161503243576735e+05,-1.059475916622066870e+05,-1.080519433403387666e+05,-1.101532920950883999e+05,-1.121766248740199953e+05,-1.141842910141106695e+05,-1.162536349027343094e+05,-1.183352968887612224e+05,-1.203728634414263070e+05,-1.224961797880176455e+05,-1.247916088299313560e+05,-1.269950053429016843e+05,-1.287651161061888561e+05,-1.298383540910817683e+05,-1.301584271438121796e+05,-1.302546560094803572e+05,-1.306811127166766673e+05,-1.314527927061468363e+05,-1.324216161817982793e+05,-1.335030223779175431e+05,-1.346549973987005651e+05,-1.358541328048128635e+05,-1.370850659885313362e+05,-1.383358697939179838e+05,-1.395958721300195903e+05,-1.408545679503157735e+05,-1.421010899772662669e+05,-1.433239967350177467e+05
-6.596774058505248104e+04,-6.789478266340494156e+04,-6.982782859842226026e+04,-7.173849014555756003e+04,-7.366193760262618889e+04,-7.561932046728301793e+04,-7.759213294708143803e+04,-7.958240383727848530e+04,-8.157912210622685961e+04,-8.357638925115764141e+04,-8.555726962523635302e+04,-8.749791245121741667e+04,-8.945065660713105171e+04,-9.145803222829336300e+04,-9.349956045118399197e+04,-9.555319474903773516e+04,-9.758219349389319541e+04,-9.955700820202706382e+04,-1.015426266572397290e+05,-1.036023604148593731e+05,-1.056691956995229848e+05,-1.076839738257960416e+05,-1.097101739382090163e+05,-1.118151174995307811e+05,-1.139271642796755477e+05,-1.159822695289254189e+05,-1.180058174746488075e+05,-1.200634478992270306e+05,-1.221556809015202307e+05,-1.242042822059579194e+05,-1.263334496732439875e+05,-1.286835564842093736e+05,-1.306791232742791617e+05,-1.317068525804439560e+05,-1.320644126257973548e+05,-1.320926390916500241e+05,-1.320729491826230660e+05,-1.323092455412801355e+05,-1.328832304149847478e+05,-1.337166160846184939e+05,-1.347202505076769739e+05,-1.358333552102725953e+05,-1.370177074839696288e+05,-1.382482439348008484e+05,-1.395069525020476431e+05,-1.407794046656675637e+05,-1.420528383677229285e+05,-1.433151158529557288e+05,-1.445541857448052615e+05
-6.964929090421088040e+04,-7.155607497411221266e+04,-7.346320229461416602e+04,-7.537915530856885016e+04,-7.732241923587583005e+04,-7.930209994125086814e+04,-8.130702287166006863e+04,-8.332416745836101472e+04,-8.532472850527334958e+04,-8.728736932839732617e+04,-8.923760379161685705e+04,-9.120269277763925493e+04,-9.318977646746998653e+04,-9.520249826440960169e+04,-9.724167505660932511e+04,-9.929357684661261737e+04,-1.013318685305202380e+05,-1.033455357515024953e+05,-1.053539734437875450e+05,-1.073806104167625308e+05,-1.094291204985356890e+05,-1.114883652542494237e+05,-1.135507434495803900e+05,-1.156200951672228985e+05,-1.177045329048796557e+05,-1.197990501157743856e+05,-1.218523120094756596e+05,-1.238394404217321426e+05,-1.259135186314024031e+05,-1.281641220913901925e+05,-1.303262889416646212e+05,-1.320970658766180277e+05,-1.332898650033827871e+05,-1.338188941795080900e+05,-1.338827322169486433e+05,-1.337725819430379197e+05,-1.337052405636291951e+05,-1.338547650922127068e+05,-1.342976559523902833e+05,-1.350078108095880598e+05,-1.359209394393209368e+05,-1.369767933721207082e+05,-1.381297906108926982e+05,-1.393470995673518628e+05,-1.406045579251926392e+05,-1.418833442002814263e+05,-1.431677332160361111e+05,-1.444436916381753981e+05,-1.456980426945239305e+05
-7.330505644082806248e+04,-7.518688129368424416e+04,-7.707820645176115795e+04,-7.902302622614707798e+04,-8.100979618535542977e+04,-8.301933813177794218e+04,-8.503911670158618654e+04,-8.705441651741322130e+04,-8.904229528314441268e+04,-9.097514585268497467e+04,-9.291431355496268952e+04,-9.491827817453257740e+04,-9.694172124793390685e+04,-9.895485517514916137e+04,-1.009898463556482166e+05,-1.030458219010517932e+05,-1.050946875625808170e+05,-1.071350235138656572e+05,-1.091574519251253660e+05,-1.111597880680351518e+05,-1.132045082628156233e+05,-1.153124582982896827e+05,-1.174066710170138540e+05,-1.194337611618996598e+05,-1.214740282516280713e+05,-1.235907362219272181e+05,-1.257073727227461059e+05,-1.276929319586399943e+05,-1.297453688733070303e+05,-1.320644130102982745e+05,-1.340113637625784031e+05,-1.349780370069500059e+05,-1.353191431735275546e+05,-1.354717636224860325e+05,-1.354280767285274342e+05,-1.352878706191536039e+05,-1.352111111125536263e+05,-1.353238663011137396e+05,-1.356897235336238518e+05,-1.363071086393268779e+05,-1.371363940581735224e+05,-1.381282040647901595e+05,-1.392378977841846645e+05,-1.404293822788223624e+05,-1.416743088769931346e+05,-1.429500919726565480e+05,-1.442380542077049613e+05,-1.455220247569214553e+05,-1.467873789213672280e+05
-7.695744351407326758e+04,-7.883732062780484557e+04,-8.073850217106565833e+04,-8.270520713395252824e+04,-8.471864634869899601e+04,-8.674550480410084128e+04,-8.875937222001422197e+04,-9.074410242489725351e+04,-9.270827519938629121e+04,-9.466936140066571534e+04,-9.665370835154131055e+04,-9.867393244296219200e+04,-1.006919772184160538e+05,-1.026907399182417430e+05,-1.047244287842256017e+05,-1.068226817903756164e+05,-1.089057917001373135e+05,-1.109042771462337114e+05,-1.128802207723408937e+05,-1.149169885946316645e+05,-1.170166045705326833e+05,-1.191335630399859510e+05,-1.212083148083374836e+05,-1.232262124685118906e+05,-1.252547807527040131e+05,-1.273395207522390410e+05,-1.294880065805586055e+05,-1.316850550615116954e+05,-1.338045737017961219e+05,-1.356605316666150466e+05,-1.369238476215852425e+05,-1.373553153190668672e+05,-1.372737154454188421e+05,-1.371002706433469430e+05,-1.369154787576384842e+05,-1.367413879701681435e+05,-1.366602054045321420e+05,-1.367548896049894392e+05,-1.370740660629291087e+05,-1.376247527517266572e+05,-1.383834755466431379e+05,-1.393127650519311428e+05,-1.403732561566196382e+05,-1.415294918103162199e+05,-1.427514809063803405e+05,-1.440142633637171239e+05,-1.452968428660184145e+05,-1.465811061094738543e+05,-1.478509428319595754e+05
-8.060751247742022679e+04,-8.251076943171396852e+04,-8.444265380938573799e+04,-8.643465867407247424e+04,-8.845580060355228488e+04,-9.047591173049248755e+04,-9.247093417277811386e+04,-9.442839103376772255e+04,-9.638760983215742453e+04,-9.839707677241787314e+04,-1.004332632727078890e+05,-1.024651201326381415e+05,-1.044659506185029313e+05,-1.064360880154683255e+05,-1.084557963580276992e+05,-1.105915126881008036e+05,-1.127079088782278559e+05,-1.146616436525713652e+05,-1.165983106599684543e+05,-1.186834435802553780e+05,-1.208378295840249048e+05,-1.229511284655379131e+05,-1.249991485908169998e+05,-1.270160749355149455e+05,-1.290817598081256874e+05,-1.311978533847387880e+05,-1.333449710462016228e+05,-1.355784002447472885e+05,-1.374930743490796885e+05,-1.386773427426815033e+05,-1.392590036570300290e+05,-1.393377297341255471e+05,-1.390788619948197156e+05,-1.387329995986102149e+05,-1.384272450740095228e+05,-1.382041129549387842e+05,-1.381081403589313850e+05,-1.381874186495691538e+05,-1.384739970166711137e+05,-1.389749458842510357e+05,-1.396753453267831355e+05,-1.405469479463603348e+05,-1.415565656999899074e+05,-1.426715278518255800e+05,-1.438622397022005171e+05,-1.451028475054465234e+05,-1.463709565332662314e+05,-1.476470062885098159e+05,-1.489136125749610364e+05
-8.424360315317660570e+04,-8.619908273369818926e+04,-8.818619402384385467e+04,-9.020135205881670117e+04,-9.221581441950332373e+04,-9.420337843476794660e+04,-9.617336928102467209e+04,-9.814363086083903909e+04,-1.001365650047585368e+05,-1.021691429660879076e+05,-1.042209371058242396e+05,-1.062609699671082199e+05,-1.082591384873143397e+05,-1.102138940916154534e+05,-1.122187207354330458e+05,-1.143306949747386388e+05,-1.164328260243111290e+05,-1.184244165784702636e+05,-1.204051407909225672e+05,-1.224956136308144778e+05,-1.246469623710778542e+05,-1.267632896289611235e+05,-1.288135502442861907e+05,-1.308244845259231515e+05,-1.329465492916139774e+05,-1.352413537392141297e+05,-1.373952370924735442e+05,-1.390935785744730383e+05,-1.402735193153880537e+05,-1.409353193543832749e+05,-1.411565988622549921e+05,-1.410415831922683865e+05,-1.407085117316478863e+05,-1.403064373692013323e+05,-1.399484418690409511e+05,-1.396948835727600381e+05,-1.395848732115300372e+05,-1.396501158323418349e+05,-1.399111642099088058e+05,-1.403727038284596056e+05,-1.410239509696792811e+05,-1.418430023028478026e+05,-1.428021826176410541e+05,-1.438723526983344927e+05,-1.450255508698802441e+05,-1.462362082863133401e+05,-1.474814387913402170e+05,-1.487408441797625273e+05,-1.499961279894206673e+05
-8.791622046522281016e+04,-8.991568683709576726e+04,-9.194004954735176580e+04,-9.396027015920169652e+04,-9.595738964327890426e+04,-9.791231178575009108e+04,-9.987560831877370947e+04,-1.018848508203737438e+05,-1.039193659452213178e+05,-1.059541058083558455e+05,-1.079855874793497351e+05,-1.100137755241524428e+05,-1.120236957981670857e+05,-1.139913681919248775e+05,-1.159987756613896199e+05,-1.180895880712619983e+05,-1.201770707153398835e+05,-1.222122726305564865e+05,-1.242391369259283965e+05,-1.263200777783761732e+05,-1.284396108962410508e+05,-1.305477983148465864e+05,-1.326436954270363785e+05,-1.347018318073432893e+05,-1.368375512313301151e+05,-1.391485060932422057e+05,-1.410673230167366273e+05,-1.420292514230399393e+05,-1.424462423685655522e+05,-1.427141066376175731e+05,-1.427599868136933073e+05,-1.425716962904771790e+05,-1.422274995652744547e+05,-1.418310430426364765e+05,-1.414737997196167707e+05,-1.412183950646128505e+05,-1.411052974460627884e+05,-1.411614597637047991e+05,-1.414023465662179515e+05,-1.418312460304899141e+05,-1.424398175425305963e+05,-1.432106048841280863e+05,-1.441204801401803270e+05,-1.451438434080919251e+05,-1.462549541785633191e+05,-1.474293086830908433e+05,-1.486442615379914641e+05,-1.498791574493777007e+05,-1.511151973238587379e+05
-9.166541664809733629e+04,-9.366480171737261117e+04,-9.567705586364120245e+04,-9.767217690728791058e+04,-9.964217872902937233e+04,-1.015961013577757403e+05,-1.035834811744811013e+05,-1.056395294546596706e+05,-1.077066190574653447e+05,-1.097225571267371997e+05,-1.117072548527745530e+05,-1.136970377963073552e+05,-1.157058540976424702e+05,-1.177446099616372958e+05,-1.198175373419090174e+05,-1.219075650506643578e+05,-1.239832329580956139e+05,-1.260300306080463342e+05,-1.280673054907508194e+05,-1.301263859273139387e+05,-1.322086537167681381e+05,-1.342919573913235217e+05,-1.364301824405109510e+05,-1.386577203886425123e+05,-1.407907408260973170e+05,-1.425857802795637399e+05,-1.438047392698088661e+05,-1.443156060214978643e+05,-1.444032574711930938e+05,-1.443907162101492286e+05,-1.442895956791741773e+05,-1.440570215223105624e+05,-1.437234087655246258e+05,-1.433561019509788603e+05,-1.430253657611096278e+05,-1.427875162047278136e+05,-1.426821925279218704e+05,-1.427351421158248559e+05,-1.429604180981181562e+05,-1.433613627376025543e+05,-1.439316951523302123e+05,-1.446573784802351147e+05,-1.455190316126802936e+05,-1.464943235007589683e+05,-1.475599204741064459e+05,-1.486928247519964352e+05,-1.498711471280716360e+05,-1.510744512301832438e+05,-1.522838194146547467e+05
-9.542420987792529922e+04,-9.739951877137087286e+04,-9.938038438083474466e+04,-1.013503709050584584e+05,-1.033178268573658715e+05,-1.052977319884300232e+05,-1.073145605685261398e+05,-1.094001705167572945e+05,-1.114777346978393180e+05,-1.134688760859966278e+05,-1.154214371716838359e+05,-1.173883229434601963e+05,-1.193972413825374242e+05,-1.214965928303264081e+05,-1.236321776913494250e+05,-1.257375757829775102e+05,-1.278127001759321283e+05,-1.298561668595848605e+05,-1.318837136164530239e+05,-1.339250522551564500e+05,-1.360160097662961052e+05,-1.381242055385608692e+05,-1.402616975821447850e+05,-1.424914990610904060e+05,-1.443807216650626215e+05,-1.454842333333622664e+05,-1.460192098766991403e+05,-1.462447310059629381e+05,-1.462221021034354344e+05,-1.460802233175802976e+05,-1.458747379793487489e+05,-1.456013749203085899e+05,-1.452746700744600967e+05,-1.449361215589931235e+05,-1.446367123910496011e+05,-1.444228406708715484e+05,-1.443303036476187408e+05,-1.443834240364814177e+05,-1.445958680552877486e+05,-1.449716819026479498e+05,-1.455064955255482346e+05,-1.461890807033805177e+05,-1.470031908520385623e+05,-1.479294164903871715e+05,-1.489467953684274107e+05,-1.500340334722921252e+05,-1.511703173894090578e+05,-1.523357783257793635e+05,-1.535116989447139204e+05
-9.913716375263966620e+04,-1.010855232362654060e+05,-1.030423121921401471e+05,-1.050249055452458560e+05,-1.070325130162239075e+05,-1.090634511923249811e+05,-1.111109506589984521e+05,-1.131657734742229804e+05,-1.152028197930008173e+05,-1.172007660525161773e+05,-1.191789474930344149e+05,-1.211701409485610202e+05,-1.231961688053933904e+05,-1.252738810543562286e+05,-1.273930957810226828e+05,-1.295243311016028747e+05,-1.316254426926607266e+05,-1.336709678155649453e+05,-1.356967246677530929e+05,-1.377440605777543969e+05,-1.398800987018486485e+05,-1.421224505273522809e+05,-1.442439964034305885e+05,-1.459994046270898543e+05,-1.472463249310068786e+05,-1.479037045599464327e+05,-1.481332185084670782e+05,-1.481574825191716664e+05,-1.480431556751332246e+05,-1.478326219292525202e+05,-1.475659227194115520e+05,-1.472602667897767387e+05,-1.469328878934849054e+05,-1.466132514499099925e+05,-1.463385652669398114e+05,-1.461454753427682444e+05,-1.460644359720703214e+05,-1.461173679926628247e+05,-1.463172940599117428e+05,-1.466688609066521749e+05,-1.471692982963100076e+05,-1.478096811727387831e+05,-1.485763816568003967e+05,-1.494525457155760378e+05,-1.504194282303601503e+05,-1.514574752526860684e+05,-1.525471146133570001e+05,-1.536692738337861374e+05,-1.548056761522479355e+05
-1.028279787079157395e+05,-1.047637185867410153e+05,-1.067198027951528202e+05,-1.087351567222140729e+05,-1.107891915260764363e+05,-1.128644226920604706e+05,-1.149254574429317145e+05,-1.169353321087956429e+05,-1.189327530981859891e+05,-1.209541939933160320e+05,-1.229808233650051116e+05,-1.250085884869769216e+05,-1.270418218929494178e+05,-1.290734011223260313e+05,-1.311452344779187988e+05,-1.332792182039828040e+05,-1.354036965735099220e+05,-1.374681974570248276e+05,-1.395510722645589849e+05,-1.416743108529495075e+05,-1.438222594610093220e+05,-1.460345245371609926e+05,-1.479163384163047886e+05,-1.490596807379759848e+05,-1.497147220577816479e+05,-1.501072109916054178e+05,-1.502273013828373514e+05,-1.501550904102642089e+05,-1.499658768692864105e+05,-1.497010186001202092e+05,-1.493912910688924603e+05,-1.490590114759765565e+05,-1.487245416533527896e+05,-1.484125779692884535e+05,-1.481519122416311875e+05,-1.479714670715956017e+05,-1.478963760712761432e+05,-1.479456027158629149e+05,-1.481310205276506022e+05,-1.484574518246045336e+05,-1.489232737643513829e+05,-1.495213652702225372e+05,-1.502402405548645183e+05,-1.510652305434811860e+05,-1.519795891261491925e+05,-1.529654360863678157e+05,-1.540044937865920365e+05,-1.550786153122056276e+05,-1.561701290527973324e+05
-1.065283334262557328e+05,-1.084825047296993434e+05,-1.104668044926431030e+05,-1.124994355665929615e+05,-1.145704388395883143e+05,-1.166512141809463501e+05,-1.187031088753454387e+05,-1.207024846317786723e+05,-1.227018127697138116e+05,-1.247518883050233126e+05,-1.268148911480382085e+05,-1.288479052320644259e+05,-1.308639964813999832e+05,-1.328898853558860719e+05,-1.349467254941789433e+05,-1.370410770507715642e+05,-1.391468786931140348e+05,-1.412502804994815961e+05,-1.434277475102571771e+05,-1.457137035837895237e+05,-1.478497543788589537e+05,-1.495605842662947252e+05,-1.508183516541812569e+05,-1.516369378984975629e+05,-1.521107393534104340e+05,-1.523544034517416731e+05,-1.523923747548954561e+05,-1.522617415235410444e+05,-1.520193116161283106e+05,-1.517091221818951890e+05,-1.513629562987107784e+05,-1.510054113574526273e+05,-1.506583193589192815e+05,-1.503441742721619084e+05,-1.500867653432087973e+05,-1.499094771207720041e+05,-1.498329308332549408e+05,-1.498731365075176582e+05,-1.500405057278517634e+05,-1.503396217816760764e+05,-1.507695507487179711e+05,-1.513245026156790555e+05,-1.519946919452277943e+05,-1.527672740640044212e+05,-1.536272551205772907e+05,-1.545583018565177917e+05,-1.555434084451477975e+05,-1.565654071319736540e+05,-1.576073315182961524e+05
-1.102605322169321298e+05,-1.122393812293913215e+05,-1.142449327759043954e+05,-1.162728562332317233e+05,-1.183321005420852889e+05,-1.204023708132710308e+05,-1.224568140759777161e+05,-1.244716954576689750e+05,-1.264936402803923556e+05,-1.285742253883201629e+05,-1.306584656675298465e+05,-1.326846421957770362e+05,-1.346905878488751187e+05,-1.367315142363151535e+05,-1.387899754394038173e+05,-1.408505154696609825e+05,-1.429526357827870816e+05,-1.451029752324800938e+05,-1.472768493894722487e+05,-1.495128962052748539e+05,-1.514258695845741313e+05,-1.525569065647479147e+05,-1.533066837646722852e+05,-1.540068633952545933e+05,-1.544896830559528898e+05,-1.546879382521766238e+05,-1.546675185799184255e+05,-1.544892192136589438e+05,-1.542044173366003670e+05,-1.538559704485423863e+05,-1.534772094361684285e+05,-1.530945415784805082e+05,-1.527306288420837373e+05,-1.524067501221615821e+05,-1.521436255446048453e+05,-1.519608120719157159e+05,-1.518754151422856376e+05,-1.519008449898781255e+05,-1.520460015436178073e+05,-1.523149671080233529e+05,-1.527071326056290418e+05,-1.532176385464686900e+05,-1.538380133138764650e+05,-1.545569055202770978e+05,-1.553608252847138792e+05,-1.562348306179046631e+05,-1.571631182714775205e+05,-1.581295003147032112e+05,-1.591177653683144599e+05
-1.140259537322074175e+05,-1.160107701894249767e+05,-1.180152332332432270e+05,-1.200219839384276420e+05,-1.220520528758559376e+05,-1.241223386264555156e+05,-1.261955268092062324e+05,-1.282475457330159843e+05,-1.303071509032929316e+05,-1.323930473121758550e+05,-1.344739667424391955e+05,-1.365167370679862797e+05,-1.385457875886131078e+05,-1.405973863505385816e+05,-1.426625536257009953e+05,-1.447207720590019599e+05,-1.468465879913643003e+05,-1.490689968506689183e+05,-1.511305549892289564e+05,-1.527911606487473473e+05,-1.540766633860263973e+05,-1.550594335415051319e+05,-1.558369423246392980e+05,-1.564846175518594682e+05,-1.569230757502196357e+05,-1.570936961803245358e+05,-1.570393709114063531e+05,-1.568256680280393921e+05,-1.565069019584651105e+05,-1.561265747054368258e+05,-1.557191911250189878e+05,-1.553124390334789641e+05,-1.549295376809882000e+05,-1.545910536553845741e+05,-1.543157716664737090e+05,-1.541206421841215342e+05,-1.540201655285237357e+05,-1.540256445148158818e+05,-1.541446095223138109e+05,-1.543805472284816206e+05,-1.547329397406205535e+05,-1.551975580052593723e+05,-1.557669319364540279e+05,-1.564309193401895463e+05,-1.571773052599318326e+05,-1.579923779046759009e+05,-1.588614440049752593e+05,-1.597692627943251282e+05,-1.607003917559962720e+05
-1.177920743726296496e+05,-1.197674694886188954e+05,-1.217743817607111123e+05,-1.237872496544513851e+05,-1.258095141418802232e+05,-1.278718445990327746e+05,-1.299391247475454729e+05,-1.320113927991390228e+05,-1.341012925177820725e+05,-1.361854366262722760e+05,-1.382602851108317846e+05,-1.403233854441242293e+05,-1.423801991056049301e+05,-1.444431404943019152e+05,-1.465481190395808080e+05,-1.486569637529030442e+05,-1.507666978609807265e+05,-1.529011584849855863e+05,-1.546757070796349435e+05,-1.557057693155338056e+05,-1.564781680705736508e+05,-1.574981018107840791e+05,-1.584427004160297511e+05,-1.590840680527416989e+05,-1.594533292137193494e+05,-1.595764844471737742e+05,-1.594905363700068556e+05,-1.592493230866705999e+05,-1.589043949678568169e+05,-1.584989349669991061e+05,-1.580679389135520905e+05,-1.576397913753744215e+05,-1.572380284591759555e+05,-1.568827728602048010e+05,-1.565915729210325517e+05,-1.563796279337899759e+05,-1.562595800032829866e+05,-1.562411272876570001e+05,-1.563306742150243372e+05,-1.565311446314845234e+05,-1.568419992661830038e+05,-1.572594424551352859e+05,-1.577767742529502138e+05,-1.583848344198390841e+05,-1.590724865747187287e+05,-1.598270989499203861e+05,-1.606349893669113517e+05,-1.614818138909619302e+05,-1.623528893616702408e+05
-1.215392452286910266e+05,-1.234884343420006335e+05,-1.255045854730624706e+05,-1.276035725571531802e+05,-1.296936452207174152e+05,-1.316992640708312392e+05,-1.336921214334834367e+05,-1.357611211457643658e+05,-1.378712010924238712e+05,-1.399588684779573232e+05,-1.420254532377207652e+05,-1.441029264905024320e+05,-1.461796144539332017e+05,-1.482411551883528009e+05,-1.503774822299098596e+05,-1.526238612766182050e+05,-1.546993942727660760e+05,-1.563369664863776416e+05,-1.575593722517061979e+05,-1.584724745155596174e+05,-1.593120058489148505e+05,-1.602552632249398157e+05,-1.611261099524716847e+05,-1.617243690063087270e+05,-1.620392132788086310e+05,-1.621162379563478753e+05,-1.619994389450866729e+05,-1.617359904157565907e+05,-1.613721437746128067e+05,-1.609487963558649644e+05,-1.605003106988565996e+05,-1.600550917186113074e+05,-1.596367049604486674e+05,-1.592649387308382429e+05,-1.589565376986679621e+05,-1.587255437174052931e+05,-1.585833217599219643e+05,-1.585384162873579189e+05,-1.585963817955590785e+05,-1.587596889741206542e+05,-1.590277559234015644e+05,-1.593971112987464294e+05,-1.598616690851831809e+05,-1.604130814351467416e+05,-1.610411327819135040e+05,-1.617341416215728968e+05,-1.624793430822957307e+05,-1.632632335265446454e+05,-1.640718664132598788e+05
-1.252705319729120092e+05,-1.271965979091692716e+05,-1.292240276025997591e+05,-1.314162034165710211e+05,-1.335893799114325666e+05,-1.355543943669013679e+05,-1.374850490433157247e+05,-1.395567369476873428e+05,-1.416846534403523547e+05,-1.437743863009233028e+05,-1.458216761028358305e+05,-1.478927993506267667e+05,-1.500010036172622349e+05,-1.520995887002171949e+05,-1.542126137012835825e+05,-1.564145984609555453e+05,-1.582584042715682881e+05,-1.593361546486616135e+05,-1.601540140619180747e+05,-1.611874612904721871e+05,-1.622596084421575069e+05,-1.631516948643135838e+05,-1.638753285559508950e+05,-1.643795609866632149e+05,-1.646395202536154538e+05,-1.646796700926134363e+05,-1.645393340952186845e+05,-1.642609319053497165e+05,-1.638860608230144717e+05,-1.634526685565067455e+05,-1.629936980603202246e+05,-1.625370006995908916e+05,-1.621058852695608512e+05,-1.617198165125707164e+05,-1.613949931530975737e+05,-1.611447033164198510e+05,-1.609794694669842720e+05,-1.609070567901120521e+05,-1.609324344545211643e+05,-1.610577634817939252e+05,-1.612824558633184060e+05,-1.616033206873815507e+05,-1.620147912408336997e+05,-1.625092139382883906e+05,-1.630771743686599657e+05,-1.637078356947265565e+05,-1.643892680711131543e+05,-1.651087529515437782e+05,-1.658530518295727670e+05
-1.289921765752993524e+05,-1.309302855279259384e+05,-1.329812776433750987e+05,-1.351778232570253313e+05,-1.373531295453161001e+05,-1.393735417850539088e+05,-1.413509156085178256e+05,-1.434243114494457841e+05,-1.455557192901577801e+05,-1.476529701897818595e+05,-1.496963144639153033e+05,-1.517118971082754433e+05,-1.538226536926506087e+05,-1.560773388600861654e+05,-1.581833681993857026e+05,-1.598442241287631914e+05,-1.610636669759666547e+05,-1.619688731190366670e+05,-1.628417344788117334e+05,-1.639132251462433487e+05,-1.650172888119025156e+05,-1.659140345015283674e+05,-1.665733358885589987e+05,-1.670090606806972064e+05,-1.672245455204909667e+05,-1.672393214537980966e+05,-1.670859920250913128e+05,-1.668019885993823409e+05,-1.664248754333835095e+05,-1.659897269911402836e+05,-1.655277657617907971e+05,-1.650659402106488124e+05,-1.646270793573106639e+05,-1.642302893017376773e+05,-1.638913651706967503e+05,-1.636231051028799266e+05,-1.634355002559544519e+05,-1.633358286241088063e+05,-1.633287027502479032e+05,-1.634161202831892297e+05,-1.635975522544085979e+05,-1.638700861018337309e+05,-1.642286247257869691e+05,-1.646661318197995424e+05,-1.651739077185150236e+05,-1.657418782321363688e+05,-1.663588801809344441e+05,-1.670129303948357701e+05,-1.676914687809646130e+05
-1.327328730997508392e+05,-1.347006867137495428e+05,-1.367731641006297723e+05,-1.389590567660164088e+05,-1.411155423845905461e+05,-1.431692864649109542e+05,-1.451843728256417671e+05,-1.472586833424270153e+05,-1.493844020395426778e+05,-1.514797969726417214e+05,-1.535597873705478269e+05,-1.555799359794519842e+05,-1.576522095138383447e+05,-1.598970129726678133e+05,-1.618174699933769880e+05,-1.628900494350306690e+05,-1.636248581848038593e+05,-1.645513265413809568e+05,-1.655759407176037785e+05,-1.666481036617336795e+05,-1.676849613708937541e+05,-1.685476702762646601e+05,-1.691786400718567893e+05,-1.695818296490935609e+05,-1.697736369402357377e+05,-1.697770895430287346e+05,-1.696220721716284752e+05,-1.693422218548501842e+05,-1.689716994977504946e+05,-1.685429594257795252e+05,-1.680854503009296022e+05,-1.676250377787961625e+05,-1.671839147640587762e+05,-1.667807743954975158e+05,-1.664310728550758213e+05,-1.661472775759403594e+05,-1.659390577935008332e+05,-1.658134175406098366e+05,-1.657747941116187721e+05,-1.658251511203860864e+05,-1.659640904414076358e+05,-1.661889974813535810e+05,-1.664952238456401974e+05,-1.668763031101431698e+05,-1.673241900621987879e+05,-1.678295113795325160e+05,-1.683818156893178821e+05,-1.689698125325907022e+05,-1.695815922230668366e+05
-1.364994906210936606e+05,-1.385119104785211384e+05,-1.406247396870255470e+05,-1.428191460944190621e+05,-1.449649661812670529e+05,-1.469707965966016054e+05,-1.489398075998034328e+05,-1.509981481652595103e+05,-1.531027504039499909e+05,-1.551758367025237530e+05,-1.572935752654075623e+05,-1.595061110256556422e+05,-1.615853174807149917e+05,-1.633014311690498143e+05,-1.646181818691566586e+05,-1.655928910272493958e+05,-1.664398817286053672e+05,-1.673706953866472468e+05,-1.683764658013116568e+05,-1.693864725162023678e+05,-1.703303774383068085e+05,-1.711251736921323463e+05,-1.717185215401593596e+05,-1.721000293418131769e+05,-1.722815912389233708e+05,-1.722850541265215725e+05,-1.721379259348250926e+05,-1.718707195945428684e+05,-1.715146050258139148e+05,-1.710995942142992280e+05,-1.706533501138132997e+05,-1.702005412197401747e+05,-1.697626005876706913e+05,-1.693577383625162765e+05,-1.690010800403747708e+05,-1.687048422901220620e+05,-1.684784989920454100e+05,-1.683289225891260430e+05,-1.682605062203565612e+05,-1.682752810267591849e+05,-1.683730434448029846e+05,-1.685515028523644432e+05,-1.688064537522625178e+05,-1.691319709195476025e+05,-1.695206217222977430e+05,-1.699636874869018793e+05,-1.704513851506114006e+05,-1.709730811171270907e+05,-1.715174907283242792e+05
-1.403096060976796725e+05,-1.423501046540066600e+05,-1.444785739914246078e+05,-1.466750596499927342e+05,-1.488192483660375874e+05,-1.507800227994546294e+05,-1.527040237439760240e+05,-1.547562845672369003e+05,-1.568687087641561520e+05,-1.589493034775964916e+05,-1.610654839938283258e+05,-1.633480039548166096e+05,-1.652712990140286856e+05,-1.663593024982195348e+05,-1.671334349038877117e+05,-1.681829275202201679e+05,-1.692917300995090627e+05,-1.702611971800439060e+05,-1.711930937812859192e+05,-1.721068930404521525e+05,-1.729529294805144891e+05,-1.736711426367741078e+05,-1.742181303255399689e+05,-1.745773743863832206e+05,-1.747533995985304937e+05,-1.747631235012235120e+05,-1.746302500955434516e+05,-1.743818939099591225e+05,-1.740462451160252094e+05,-1.736508815944343805e+05,-1.732216196277299896e+05,-1.727818174533648416e+05,-1.723520276722507551e+05,-1.719498892407929525e+05,-1.715901621619388461e+05,-1.712848318859087303e+05,-1.710432375254733488e+05,-1.708722016937341541e+05,-1.707761566194873303e+05,-1.707572705548070371e+05,-1.708155816088225693e+05,-1.709491450897278264e+05,-1.711541973052853718e+05,-1.714253351944517344e+05,-1.717557081693978980e+05,-1.721372166176848114e+05,-1.725607107213102281e+05,-1.730161834270730615e+05,-1.734929522691052407e+05
-1.441673133501298726e+05,-1.461960370649062097e+05,-1.482890885961949825e+05,-1.504396077295914292e+05,-1.525600060993954539e+05,-1.545892337323389947e+05,-1.565898390907701105e+05,-1.586377956754211336e+05,-1.607668122305739671e+05,-1.629549824063424021e+05,-1.650581693994030356e+05,-1.669171486759185791e+05,-1.683152056990284473e+05,-1.691551001479551196e+05,-1.698644682918265462e+05,-1.708511320951525122e+05,-1.719729412260847166e+05,-1.729921530134240165e+05,-1.739087316731028259e+05,-1.747601506658196449e+05,-1.755306195894517004e+05,-1.761833581229718402e+05,-1.766864711329275742e+05,-1.770239941101353616e+05,-1.771961244483608752e+05,-1.772148911479562521e+05,-1.770997024196870625e+05,-1.768740021819537506e+05,-1.765628910646652803e+05,-1.761914383682208136e+05,-1.757835180171690881e+05,-1.753610577521454543e+05,-1.749436060876119882e+05,-1.745481282526189461e+05,-1.741889532897351310e+05,-1.738778109369920567e+05,-1.736239156958917156e+05,-1.734340728911189362e+05,-1.733127950394013897e+05,-1.732624255499858409e+05,-1.732832710506673902e+05,-1.733737445792928338e+05,-1.735305208218740299e+05,-1.737487026854539290e+05,-1.740219966094661504e+05,-1.743428926298562437e+05,-1.747028445079736412e+05,-1.750924451983477920e+05,-1.755015934214983135e+05
-1.480104009797243052e+05,-1.500227458944469690e+05,-1.520789280409409839e+05,-1.541883682668320835e+05,-1.562925239095754223e+05,-1.583932552163116634e+05,-1.605006759779280692e+05,-1.625956754913926125e+05,-1.647277812108380895e+05,-1.669021605522148311e+05,-1.687770852333333169e+05,-1.700271824136674404e+05,-1.709085478469150548e+05,-1.716786923644226044e+05,-1.725148049922925711e+05,-1.734887792012710124e+05,-1.745543863996705040e+05,-1.755761545979185030e+05,-1.764984911093926057e+05,-1.773242729368526489e+05,-1.780495599373020232e+05,-1.786564322210755199e+05,-1.791255489671323448e+05,-1.794454818650204688e+05,-1.796155934193218127e+05,-1.796447816462665796e+05,-1.795487999477302656e+05,-1.793476238907724619e+05,-1.790633158056056127e+05,-1.787184155634306371e+05,-1.783347839054306969e+05,-1.779328148840749636e+05,-1.775309384937202558e+05,-1.771453407829282805e+05,-1.767898375801807269e+05,-1.764758498061923310e+05,-1.762124417491946369e+05,-1.760063965624310076e+05,-1.758623139180494472e+05,-1.757827223712801933e+05,-1.757682035297313705e+05,-1.758175271272771060e+05,-1.759277963655516505e+05,-1.760946022075703368e+05,-1.763121843297816813e+05,-1.765735955905318260e+05,-1.768708663798440248e+05,-1.771951651387996972e+05,-1.775369516332354397e+05
-1.517889825270734727e+05,-1.538254334663227201e+05,-1.559013566057756543e+05,-1.580154041777364910e+05,-1.601260878706984222e+05,-1.622007557695358992e+05,-1.643084825756121427e+05,-1.665160964719094336e+05,-1.686484999800790101e+05,-1.704619806293305010e+05,-1.718019457246325910e+05,-1.726155507950484753e+05,-1.732244989240542054e+05,-1.740079350622035563e+05,-1.749744514339249581e+05,-1.760179502282738686e+05,-1.770777342541441321e+05,-1.780890658755060285e+05,-1.790069491835953668e+05,-1.798176960699055344e+05,-1.805159501741752028e+05,-1.810928953448394313e+05,-1.815384021313637495e+05,-1.818461571885691956e+05,-1.820165743412431329e+05,-1.820570504460204393e+05,-1.819806869089417160e+05,-1.818045195702537894e+05,-1.815478222466250882e+05,-1.812306956994496286e+05,-1.808729824525965378e+05,-1.804934816099405289e+05,-1.801094157587653026e+05,-1.797360971624618396e+05,-1.793867432945296168e+05,-1.790723987784860656e+05,-1.788019298273045570e+05,-1.785820665671136230e+05,-1.784174768497683108e+05,-1.783108615307593718e+05,-1.782630654944023117e+05,-1.782732011539805681e+05,-1.783387821874916553e+05,-1.784558654071018100e+05,-1.786191983660683036e+05,-1.788223699278477579e+05,-1.790579607731066644e+05,-1.793176907998621464e+05,-1.795925605894662440e+05
-1.555763741714395001e+05,-1.576401961485072970e+05,-1.597433227628107998e+05,-1.618806309236362576e+05,-1.640335339274520811e+05,-1.661028310393020511e+05,-1.681258110925931251e+05,-1.702473128807544708e+05,-1.721656070714925299e+05,-1.735341420377511531e+05,-1.744735489217910508e+05,-1.750902467973604798e+05,-1.756175415927610593e+05,-1.764573974648807198e+05,-1.774844127748198807e+05,-1.785530050092376769e+05,-1.796007521848492324e+05,-1.805874647009391338e+05,-1.814835187578387558e+05,-1.822730486037153751e+05,-1.829481738771516830e+05,-1.835027308197943494e+05,-1.839312716869525611e+05,-1.842309928692970425e+05,-1.844035581634324044e+05,-1.844556760461498052e+05,-1.843985783809823915e+05,-1.842469192157611251e+05,-1.840175232262592763e+05,-1.837282272676024586e+05,-1.833969179068123922e+05,-1.830407884449101985e+05,-1.826758005209304392e+05,-1.823163193653626367e+05,-1.819748874536314979e+05,-1.816621031849980354e+05,-1.813865762057136744e+05,-1.811549371470008045e+05,-1.809718855509515852e+05,-1.808402648198083043e+05,-1.807611568008987233e+05,-1.807339911036361009e+05,-1.807566656505083665e+05,-1.808256755992583930e+05,-1.809362479543201625e+05,-1.810824791746400297e+05,-1.812574730635695159e+05,-1.814534763014279306e+05,-1.816620091878902167e+05
-1.594399544113725424e+05,-1.614986892418339849e+05,-1.635872885566353798e+05,-1.657168876195922494e+05,-1.679103697077929974e+05,-1.701262064280994236e+05,-1.721144006945565343e+05,-1.736887101472392678e+05,-1.749886877237763256e+05,-1.761558211644403636e+05,-1.771239317371211946e+05,-1.778460645093582571e+05,-1.784939341010414064e+05,-1.792818339122552425e+05,-1.802110376649275422e+05,-1.811972942718602717e+05,-1.821772995343692601e+05,-1.831084112423304468e+05,-1.839612240791376680e+05,-1.847170769507307559e+05,-1.853649348197728395e+05,-1.858979514712672681e+05,-1.863119221235867590e+05,-1.866055030105840415e+05,-1.867809270894685760e+05,-1.868443329873150215e+05,-1.868054929048055783e+05,-1.866770985291134566e+05,-1.864738473485289142e+05,-1.862115188837163150e+05,-1.859061509824255481e+05,-1.855733638977240771e+05,-1.852278408878417686e+05,-1.848829531076876447e+05,-1.845505072176866233e+05,-1.842405917550278828e+05,-1.839614998373761773e+05,-1.837197091941153631e+05,-1.835199045264795423e+05,-1.833650309647656977e+05,-1.832563704809853807e+05,-1.831936353852208704e+05,-1.831750745340455323e+05,-1.831975887699574232e+05,-1.832568525888063014e+05,-1.833474392816461623e+05,-1.834629469617214054e+05,-1.835961230601705611e+05,-1.837389851044341922e+05
-1.633190761451868457e+05,-1.653825629393756390e+05,-1.674711267182838346e+05,-1.695918748895451427e+05,-1.717494823474409641e+05,-1.739781131290905178e+05,-1.758188516179778962e+05,-1.768129581162109971e+05,-1.775622113212376134e+05,-1.786510392432007939e+05,-1.797750265240669833e+05,-1.806959998559299856e+05,-1.815093401548972179e+05,-1.822579009635578841e+05,-1.830592075329199433e+05,-1.839229901256393641e+05,-1.848038450107909739e+05,-1.856577783636134118e+05,-1.864518445832207799e+05,-1.871635727995112538e+05,-1.877785716173145920e+05,-1.882880497325323522e+05,-1.886872190333288163e+05,-1.889747218445986509e+05,-1.891525900502447039e+05,-1.892262119265859947e+05,-1.892040510463975370e+05,-1.890971047731833532e+05,-1.889182040975801647e+05,-1.886812715051919222e+05,-1.884006242161449045e+05,-1.880903728900980204e+05,-1.877639358729450032e+05,-1.874336693018153310e+05,-1.871106023034229875e+05,-1.868042615950200707e+05,-1.865225688052158803e+05,-1.862717950876476243e+05,-1.860565599095616490e+05,-1.858798634655885398e+05,-1.857431445209365338e+05,-1.856463573986999691e+05,-1.855880632392466068e+05,-1.855655316289514303e+05,-1.855748493270445615e+05,-1.856110332320407033e+05,-1.856681450250875205e+05,-1.857394051839262247e+05,-1.858173043238464743e+05
-1.671374113310240209e+05,-1.692531499039568007e+05,-1.713966845156922936e+05,-1.735481942407563329e+05,-1.755866635650806129e+05,-1.773706966110207140e+05,-1.787435372336246073e+05,-1.796409362200982869e+05,-1.803853974464647472e+05,-1.813058574064709246e+05,-1.823419572943933308e+05,-1.833515742493886501e+05,-1.842702207634784281e+05,-1.850771335799936205e+05,-1.858488539174534380e+05,-1.866378397291079164e+05,-1.874365936703868210e+05,-1.882168726925682276e+05,-1.889503369308020920e+05,-1.896146393082216382e+05,-1.901940208937656134e+05,-1.906782925396692008e+05,-1.910617275166064501e+05,-1.913423471674043685e+05,-1.915215401185117662e+05,-1.916037843615245074e+05,-1.915962983313500881e+05,-1.915085647278372198e+05,-1.913517552638612688e+05,-1.911381174113638699e+05,-1.908803818857204169e+05,-1.905912323284158483e+05,-1.902828594540432096e+05,-1.899666065243715420e+05,-1.896527027181498706e+05,-1.893500751771982759e+05,-1.890662280591018498e+05,-1.888071766627058387e+05,-1.885774256767779589e+05,-1.883799821456950158e+05,-1.882163953955788165e+05,-1.880868176560048014e+05,-1.879900803316459060e+05,-1.879237818056084216e+05,-1.878843833347558975e+05,-1.878673100901655853e+05,-1.878670547715462744e+05,-1.878772815387398005e+05,-1.878909282948113978e+05
-1.709223259706089157e+05,-1.731112665712088346e+05,-1.752892055603900226e+05,-1.773600862324200571e+05,-1.791210910155308666e+05,-1.803669553394690156e+05,-1.813406137804601749e+05,-1.823180657245591283e+05,-1.832297151733947394e+05,-1.840429401617944241e+05,-1.849124450020202785e+05,-1.858933307227306068e+05,-1.868532474168408662e+05,-1.877208669395688921e+05,-1.885183825041856617e+05,-1.892863033483121544e+05,-1.900378432154431939e+05,-1.907635480921436101e+05,-1.914455824675001204e+05,-1.920662160033266991e+05,-1.926111598677709699e+05,-1.930703208208139986e+05,-1.934375966596920043e+05,-1.937104694247245789e+05,-1.938896328659784049e+05,-1.939786506352052093e+05,-1.939835844696667045e+05,-1.939125581062044948e+05,-1.937752634097859263e+05,-1.935824402118027210e+05,-1.933453672201037407e+05,-1.930753950369209051e+05,-1.927835413607619703e+05,-1.924801576937362552e+05,-1.921746684962771833e+05,-1.918753781949263066e+05,-1.915893384061343968e+05,-1.913222665592003614e+05,-1.910785071450415999e+05,-1.908610275511611253e+05,-1.906714414765853435e+05,-1.905100539950840175e+05,-1.903759233095925301e+05,-1.902669350540451705e+05,-1.901798856484964490e+05,-1.901105717234946787e+05,-1.900538830393478274e+05,-1.900038966702762991e+05,-1.899539705331195146e+05
-1.747038570359647274e+05,-1.769639288969784975e+05,-1.791145343240574002e+05,-1.808253844289742410e+05,-1.821194969539977610e+05,-1.831279971663877368e+05,-1.840380729645490646e+05,-1.850029939706027508e+05,-1.859355609760135412e+05,-1.867534927607737482e+05,-1.875707786947116256e+05,-1.884772592146843672e+05,-1.894082304482348263e+05,-1.902887501836344600e+05,-1.911040264967735857e+05,-1.918693193390779197e+05,-1.925969215358607471e+05,-1.932865986326728016e+05,-1.939294569154772907e+05,-1.945136262952499092e+05,-1.950279507222045213e+05,-1.954637157338112593e+05,-1.958152163916397840e+05,-1.960797884241659194e+05,-1.962576279303859919e+05,-1.963515222459211946e+05,-1.963665209804400802e+05,-1.963095529905334115e+05,-1.961890011839475483e+05,-1.960142570547815412e+05,-1.957952808623369783e+05,-1.955421908208820969e+05,-1.952648983352240175e+05,-1.949727990367654711e+05,-1.946745229478515685e+05,-1.943777422973420471e+05,-1.940890324211567640e+05,-1.938137795439623296e+05,-1.935561286777239293e+05,-1.933189650119394064e+05,-1.931039227018523961e+05,-1.929114156592413783e+05,-1.927406856710240245e+05,-1.925898638329952955e+05,-1.924560418599229306e+05,-1.923353503156602383e+05,-1.922230412135776132e+05,-1.921135727878510952e+05,-1.920006945489775389e+05
-1.785867914244095155e+05,-1.807381807012706995e+05,-1.826775189428447920e+05,-1.839573700622804463e+05,-1.848901440947653318e+05,-1.858411111999675632e+05,-1.867928802684894472e+05,-1.877295783917605877e+05,-1.886243246762641938e+05,-1.894488673999011517e+05,-1.902588244944028556e+05,-1.911111392799094319e+05,-1.919888358492590487e+05,-1.928450241692978889e+05,-1.936536642018966377e+05,-1.944115249754637480e+05,-1.951223288345653564e+05,-1.957865812236648053e+05,-1.963997817908450961e+05,-1.969544583292994648e+05,-1.974426121123116463e+05,-1.978574006841052324e+05,-1.981940168815292418e+05,-1.984500244079623371e+05,-1.986253833070602268e+05,-1.987223049404211342e+05,-1.987450055086929351e+05,-1.986993925258684903e+05,-1.985927076605148613e+05,-1.984331479023825377e+05,-1.982294865885786712e+05,-1.979907133857384324e+05,-1.977257079436201602e+05,-1.974429567452836782e+05,-1.971503177508711815e+05,-1.968548334146458656e+05,-1.965625897754635662e+05,-1.962786175239775330e+05,-1.960068300384283066e+05,-1.957499931125156581e+05,-1.955097212465368211e+05,-1.952864957551751286e+05,-1.950797004276644439e+05,-1.948876709774043411e+05,-1.947077549909260124e+05,-1.945363795119673014e+05,-1.943691237739250064e+05,-1.942007949297111481e+05,-1.940255049300529063e+05
-1.826668520529121161e+05,-1.843122622179426253e+05,-1.857149002858661115e+05,-1.868097810527496040e+05,-1.877304182444363832e+05,-1.886510175220072269e+05,-1.895804528446458280e+05,-1.904795900117047131e+05,-1.913345660051330924e+05,-1.921469031736962497e+05,-1.929458569625243545e+05,-1.937613945841304958e+05,-1.945910300429984927e+05,-1.954096783618777990e+05,-1.961946972958240658e+05,-1.969351290014795959e+05,-1.976275298738516867e+05,-1.982698826109655201e+05,-1.988586612009890378e+05,-1.993887171769216657e+05,-1.998543366333525628e+05,-2.002503682687431574e+05,-2.005730176793038845e+05,-2.008202757223546505e+05,-2.009920679818950593e+05,-2.010902166854776442e+05,-2.011182803418189287e+05,-2.010813135602939874e+05,-2.009855766154769808e+05,-2.008382182724829763e+05,-2.006469520223643631e+05,-2.004197427103184164e+05,-2.001645168221015483e+05,-1.998889056337922812e+05,-1.996000265175364912e+05,-1.993043043422754854e+05,-1.990073323199823499e+05,-1.987137698573730886e+05,-1.984272738852277398e+05,-1.981504596090484411e+05,-1.978848864944484085e+05,-1.976310654312148690e+05,-1.973884832960125059e+05,-1.971556414806097746e+05,-1.969301053153276443e+05,-1.967085616721622646e+05,-1.964868823627997190e+05,-1.962601912527754903e+05,-1.960229332953542471e+05
-1.864132679876850743e+05,-1.875464794240482152e+05,-1.884901783939598827e+05,-1.895257562945149839e+05,-1.905440817796427873e+05,-1.914763939734175801e+05,-1.923695360468016297e+05,-1.932262803373411298e+05,-1.940474477888680995e+05,-1.948411559319347143e+05,-1.956238807763420045e+05,-1.964106208818703890e+05,-1.972013330634683371e+05,-1.979822366786673665e+05,-1.987367083782963455e+05,-1.994526331094168127e+05,-2.001229724013358355e+05,-2.007432836420647800e+05,-2.013095941320545971e+05,-2.018176261668633670e+05,-2.022629950725212693e+05,-2.026417729574888945e+05,-2.029510314778387547e+05,-2.031892124773003161e+05,-2.033563086793068796e+05,-2.034538866738509387e+05,-2.034849927800893784e+05,-2.034539768485687673e+05,-2.033662620440553874e+05,-2.032280833662170917e+05,-2.030462138150371611e+05,-2.028276937723178416e+05,-2.025795758395213634e+05,-2.023086940014716238e+05,-2.020214627717435360e+05,-2.017237091475669295e+05,-2.014205379126761109e+05,-2.011162291238345206e+05,-2.008141654679626226e+05,-2.005167864959333092e+05,-2.002255664197653532e+05,-1.999410120991989970e+05,-1.996626779518965632e+05,-1.993891947283968329e+05,-1.991183093519154936e+05,-1.988469332980383188e+05,-1.985711972662787884e+05,-1.982865101629160345e+05,-1.979876206666193902e+05
-1.893987222511135042e+05,-1.903912517092227936e+05,-1.912623156775198877e+05,-1.922368313869908452e+05,-1.932568319981433451e+05,-1.942098698089979589e+05,-1.950956305755116045e+05,-1.959344915575236082e+05,-1.967385213944353163e+05,-1.975188728782460093e+05,-1.982868169582188129e+05,-1.990505738725326955e+05,-1.998101674790643156e+05,-2.005573766931258142e+05,-2.012804701238721609e+05,-2.019687617997005582e+05,-2.026142989427447319e+05,-2.032113610452227294e+05,-2.037553956468850374e+05,-2.042423401845619082e+05,-2.046684857328236103e+05,-2.050306772439349443e+05,-2.053266152858771384e+05,-2.055551130910851061e+05,-2.057162496168762445e+05,-2.058114113009497523e+05,-2.058432378863133490e+05,-2.058154941949136555e+05,-2.057328895152416080e+05,-2.056008640059549361e+05,-2.054253588468097150e+05,-2.052125841306354851e+05,-2.049687957035768777e+05,-2.047000893723070621e+05,-2.044122182366549969e+05,-2.041104365176893771e+05,-2.037993712462447584e+05,-2.034829216087795794e+05,-2.031641846078746021e+05,-2.028454049408733845e+05,-2.025279465605895966e+05,-2.022122831860724837e+05,-2.018980050062350929e+05,-2.015838389113359153e+05,-2.012676797481849790e+05,-2.009466302960589528e+05,-2.006170478784404695e+05,-2.002745957486890256e+05,-1.999142976074814796e+05
-1.920909197331725154e+05,-1.930720551716201007e+05,-1.939832257743826776e+05,-1.949271569340042770e+05,-1.959121476610841346e+05,-1.968615998268797994e+05,-1.977529197649359703e+05,-1.985942814677655697e+05,-1.993973229566030204e+05,-2.001731965381577611e+05,-2.009312980815544724e+05,-2.016774921718016267e+05,-2.024121708343252540e+05,-2.031303071541599929e+05,-2.038237409880012274e+05,-2.044838786228112876e+05,-2.051032859759703279e+05,-2.056760158935263753e+05,-2.061972896635979414e+05,-2.066631245539598167e+05,-2.070701657686438411e+05,-2.074157227621246129e+05,-2.076979112705141306e+05,-2.079158059123922139e+05,-2.080695456156693399e+05,-2.081603689934164286e+05,-2.081905788695495576e+05,-2.081634460854753852e+05,-2.080830667940899730e+05,-2.079541880354862660e+05,-2.077820153753925115e+05,-2.075720146514847875e+05,-2.073297178040686995e+05,-2.070605405724998564e+05,-2.067696176819559187e+05,-2.064616591521576047e+05,-2.061408296320550144e+05,-2.058106512528974563e+05,-2.054739294116720557e+05,-2.051327001234311610e+05,-2.047881970775220543e+05,-2.044408362450283021e+05,-2.040902157622165978e+05,-2.037351288140974939e+05,-2.033735873196944594e+05,-2.030028543540500104e+05,-2.026194834028519690e+05,-2.022193627234846354e+05,-2.017977632712647319e+05
-1.949385963517427444e+05,-1.958261107536666095e+05,-1.966753346486091614e+05,-1.975792875365838408e+05,-1.985317848685160279e+05,-1.994731905544809997e+05,-2.003710474116653204e+05,-2.012212904875688255e+05,-2.020301934417858720e+05,-2.028066166245564818e+05,-2.035585141397342086e+05,-2.042909486601762474e+05,-2.050049771408960223e+05,-2.056977364981062710e+05,-2.063636923671588302e+05,-2.069962874251827598e+05,-2.075891940183006227e+05,-2.081368955477103591e+05,-2.086347753485552967e+05,-2.090790158350989223e+05,-2.094665131908766925e+05,-2.097948752867951989e+05,-2.100624845998883247e+05,-2.102685806119628251e+05,-2.104133224331941456e+05,-2.104978091227114201e+05,-2.105240503502078354e+05,-2.104948901172485203e+05,-2.104138916717879474e+05,-2.102851939717419446e+05,-2.101133503666128963e+05,-2.099031594099290669e+05,-2.096594963836632669e+05,-2.093871525083091110e+05,-2.090906871283724904e+05,-2.087742965412866324e+05,-2.084417016778066754e+05,-2.080960556035879999e+05,-2.077398708172384650e+05,-2.073749655705615878e+05,-2.070024279059879482e+05,-2.066225957663618028e+05,-2.062350513415783644e+05,-2.058386277447491884e+05,-2.054314261216670275e+05,-2.050108413699753582e+05,-2.045735947535112500e+05,-2.041157718343921006e+05,-2.036328642922714353e+05
-1.978060315269710263e+05,-1.986068599165827036e+05,-1.993756409731558815e+05,-2.002382649781294167e+05,-2.011620778670608997e+05,-2.020893348822630942e+05,-2.029857382006198168e+05,-2.038395961383245885e+05,-2.046516345305591822e+05,-2.054273861306235194e+05,-2.061729346884191036e+05,-2.068926102077104151e+05,-2.075879106609374285e+05,-2.082574192798882723e+05,-2.088974923749417067e+05,-2.095032897555306554e+05,-2.100697018686905503e+05,-2.105919417022764683e+05,-2.110658123767785728e+05,-2.114877820115163922e+05,-2.118549939140081406e+05,-2.121652822869904339e+05,-2.124172094848416746e+05,-2.126101117336787283e+05,-2.127441331108883023e+05,-2.128202321707792580e+05,-2.128401535836905241e+05,-2.128063642261102796e+05,-2.127219579717814922e+05,-2.125905360822603106e+05,-2.124160711247231811e+05,-2.122027622935008258e+05,-2.119548892970718443e+05,-2.116766708825714886e+05,-2.113721328132785857e+05,-2.110449888323880732e+05,-2.106985369436889887e+05,-2.103355722747892141e+05,-2.099583169032000005e+05,-2.095683663208708167e+05,-2.091666516901031137e+05,-2.087534166763387620e+05,-2.083282074120044708e+05,-2.078898740229979157e+05,-2.074365821074172854e+05,-2.069658325798772275e+05,-2.064744883585236967e+05,-2.059588064699620008e+05,-2.054144742602519691e+05
-2.004947634355872869e+05,-2.013178619498610497e+05,-2.021064330746233463e+05,-2.029494797149077058e+05,-2.038418609792850912e+05,-2.047433855071365833e+05,-2.056240027914009988e+05,-2.064691148776225746e+05,-2.072750809257626534e+05,-2.080438715099841356e+05,-2.087792226883843541e+05,-2.094843023373894393e+05,-2.101605276782177389e+05,-2.108072536460235715e+05,-2.114220761066637933e+05,-2.120014524125494063e+05,-2.125413549107313156e+05,-2.130377780871093273e+05,-2.134870526669174433e+05,-2.138860086485929787e+05,-2.142320545034520328e+05,-2.145232237573079765e+05,-2.147582127426154912e+05,-2.149364124212935567e+05,-2.150579274031743407e+05,-2.151235739938914776e+05,-2.151348520665876567e+05,-2.150938895828165114e+05,-2.150033620400875807e+05,-2.148663914431035519e+05,-2.146864306085035205e+05,-2.144671389437504113e+05,-2.142122555531039834e+05,-2.139254748419746757e+05,-2.136103288893029094e+05,-2.132700798761546612e+05,-2.129076248863115907e+05,-2.125254145036563277e+05,-2.121253858564905822e+05,-2.117089101200290024e+05,-2.112767539908736944e+05,-2.108290542765110731e+05,-2.103653044899404049e+05,-2.098843521827906370e+05,-2.093844056709855795e+05,-2.088630487907938659e+05,-2.083172623497173190e+05,-2.077434509992264211e+05,-2.071374743398390710e+05
-2.031584495092493307e+05,-2.040353146531656384e+05,-2.048738558501228690e+05,-2.057158597343713045e+05,-2.065773179896324873e+05,-2.074436313786394894e+05,-2.082950230258628726e+05,-2.091180793151445687e+05,-2.099067740777619183e+05,-2.106600752781964839e+05,-2.113792836387604475e+05,-2.120660542205013335e+05,-2.127212241897769272e+05,-2.133443325197100639e+05,-2.139336482792235911e+05,-2.144864971916079521e+05,-2.149996897197552025e+05,-2.154699118668809533e+05,-2.158940160784721375e+05,-2.162692103311344981e+05,-2.165931728160008788e+05,-2.168641223406083882e+05,-2.170808642810396850e+05,-2.172428201153688133e+05,-2.173500407935865223e+05,-2.174032011972814798e+05,-2.174035732563436031e+05,-2.173529771433174610e+05,-2.172537120830267668e+05,-2.171084700223580003e+05,-2.169202364819124341e+05,-2.166921833696588874e+05,-2.164275584951378405e+05,-2.161295761260092258e+05,-2.158013123045712709e+05,-2.154456079049482942e+05,-2.150649816440790892e+05,-2.146615545249693096e+05,-2.142369865287430584e+05,-2.137924258055947721e+05,-2.133284701545014977e+05,-2.128451402249410748e+05,-2.123418636134155095e+05,-2.118174688511788845e+05,-2.112701881755776703e+05,-2.106976679299362004e+05,-2.100969854345954955e+05,-2.094646712039560080e+05,-2.087967354417666793e+05
-2.059541265622526407e+05,-2.068477963436394930e+05,-2.076935099087357521e+05,-2.085217768660932779e+05,-2.093498943014517426e+05,-2.101761963184475899e+05,-2.109901345426142216e+05,-2.117814437260925770e+05,-2.125435594273842871e+05,-2.132735018201656640e+05,-2.139705347968339920e+05,-2.146347823002710938e+05,-2.152662326171696186e+05,-2.158642064888328314e+05,-2.164272163574844599e+05,-2.169530881290771067e+05,-2.174392117805443704e+05,-2.178828156565986574e+05,-2.182812030835673213e+05,-2.186319300659894943e+05,-2.189329280857481062e+05,-2.191825854614861310e+05,-2.193797997587472200e+05,-2.195240087833963335e+05,-2.196152030428349972e+05,-2.196539199292659760e+05,-2.196412192428372800e+05,-2.195786403075270355e+05,-2.194681420750580728e+05,-2.193120287321247160e+05,-2.191128641454465687e+05,-2.188733789154812694e+05,-2.185963738803304732e+05,-2.182846236934699118e+05,-2.179407836758121848e+05,-2.175673025970198214e+05,-2.171663434435203671e+05,-2.167397136343680322e+05,-2.162888055876754224e+05,-2.158145480499155819e+05,-2.153173681834191084e+05,-2.147971640734709799e+05,-2.142532870616614819e+05,-2.136845331277549267e+05,-2.130891424205489457e+05,-2.124648059720583260e+05,-2.118086786011978984e+05,-2.111173970239683986e+05,-2.103871022201515734e+05
-2.087823353318657901e+05,-2.096884140246212482e+05,-2.105241267748996615e+05,-2.113306192447841167e+05,-2.121258054677769542e+05,-2.129131629752963781e+05,-2.136880530522763729e+05,-2.144435685317143798e+05,-2.151738878322169185e+05,-2.158752469717487693e+05,-2.165456013454757631e+05,-2.171838616862297058e+05,-2.177891841056570411e+05,-2.183605001689791679e+05,-2.188963089488185942e+05,-2.193946754088997841e+05,-2.198533544410690665e+05,-2.202699664935134351e+05,-2.206421730362251401e+05,-2.209678249735906720e+05,-2.212450760829560459e+05,-2.214724639104977250e+05,-2.216489637895077467e+05,-2.217740209002010524e+05,-2.218475633345171809e+05,-2.218699975590929389e+05,-2.218421870092228055e+05,-2.217654146751202643e+05,-2.216413311126530170e+05,-2.214718899963758886e+05,-2.212592739025764167e+05,-2.210058133614175022e+05,-2.207139023209549487e+05,-2.203859130501113832e+05,-2.200241132211387157e+05,-2.196305875107273459e+05,-2.192071655974984169e+05,-2.187553579527363181e+05,-2.182763003590404987e+05,-2.177707076688781381e+05,-2.172388369468748569e+05,-2.166804598339870572e+05,-2.160948437286093831e+05,-2.154807411966733634e+05,-2.148363868924640119e+05,-2.141595011907853186e+05,-2.134472996880337596e+05,-2.126965077197328210e+05,-2.119033790572583675e+05
