0.000000000000000000e+00,-1.920132960249034682e+00,-4.532377927580613530e+00,-7.549374974789025750e+00,-1.086049421907058132e+01,-1.439425510111660778e+01,-1.811337686218086418e+01,-2.199427264568187113e+01,-2.601392773216268495e+01,-3.015436177770933313e+01,-3.440521804699397990e+01,-3.875813819826188933e+01,-4.320610016251128371e+01,-4.774352312916031593e+01,-5.236655856288919608e+01,-5.706961380165073905e+01,-6.184602518435827534e+01,-6.669197114359400302e+01,-7.160745270309155330e+01,-7.659241576177250010e+01,-8.164609857631597833e+01,-8.676561148639726184e+01,-9.194729450095508128e+01,-9.719101989144600395e+01,-1.024992251945938051e+02,-1.078726402379341778e+02,-1.133112091556150176e+02,-1.188146418299258329e+02,-1.243830550890563131e+02,-1.300164247904137937e+02,-1.357148248301004685e+02,-1.414799928183186353e+02,-1.473154745309051066e+02,-1.532245166374639211e+02,-1.592100288357629552e+02,-1.652749538570346601e+02,-1.714232997178838502e+02,-1.776606019430589356e+02,-1.839931603622482044e+02,-1.904288750910020553e+02,-1.969785699693709944e+02,-2.036532763923936500e+02,-2.104635430739252229e+02,-2.174285399075043017e+02,-2.245786804447380405e+02,-2.319520147269980157e+02,-2.396095571259816097e+02,-2.476846927566620309e+02,-2.565003795599967589e+02
1.872830050212804576e+00,-4.217371458205813189e-02,-2.649157081133492575e+00,-5.671956896310350160e+00,-8.973612176586573952e+00,-1.249500660689235687e+01,-1.620178016394899601e+01,-2.007254400681246054e+01,-2.408595963027869047e+01,-2.822192026192556824e+01,-3.246828229229235063e+01,-3.681727804347735145e+01,-4.126319462609286148e+01,-4.580372072166067454e+01,-5.043868025860138005e+01,-5.516350640463250699e+01,-5.996383375641226365e+01,-6.482733218672859721e+01,-6.975760998395256252e+01,-7.476158113724238774e+01,-7.983478706820267234e+01,-8.496662878577109268e+01,-9.015746664054796611e+01,-9.541731892353755029e+01,-1.007512580870548220e+02,-1.061564133181356766e+02,-1.116289430960812865e+02,-1.171649492335177740e+02,-1.227624653879073122e+02,-1.284217372231220509e+02,-1.341479935362873448e+02,-1.399496520073320198e+02,-1.458293161405733258e+02,-1.517836572341136616e+02,-1.578125634098405783e+02,-1.639218846380046841e+02,-1.701245010782143083e+02,-1.764334630002055917e+02,-1.828523327659816573e+02,-1.893834440232435270e+02,-1.960364609714199844e+02,-2.028239436645170599e+02,-2.097673750638024330e+02,-2.169011964449063328e+02,-2.242643704549984136e+02,-2.319099746596166085e+02,-2.399610816161608113e+02,-2.487915295464923133e+02,-3.000000000000000000e+00
3.051359054740364396e+00,1.144016058257448565e+00,-1.473506759977371461e+00,-4.491943160988657091e+00,-7.800602853737503395e+00,-1.132841793603998859e+01,-1.503673967247983789e+01,-1.890493589333627966e+01,-2.291645610049003423e+01,-2.705166232494801548e+01,-3.129888361480778158e+01,-3.564966939083972619e+01,-4.009767318926463986e+01,-4.464033787889916738e+01,-4.928052183635006855e+01,-5.401850323477667359e+01,-5.883801423195186686e+01,-6.371761764227068170e+01,-6.866354968406446346e+01,-7.368741518506939769e+01,-7.878330435109992891e+01,-8.393314646334597739e+01,-8.913943827093568473e+01,-9.441596388490603431e+01,-9.977123427363494557e+01,-1.052042000461100599e+02,-1.107112350473849176e+02,-1.162825801901930305e+02,-1.219156966840642582e+02,-1.276087477244380324e+02,-1.333692028374900076e+02,-1.392101570437118028e+02,-1.451361154881350330e+02,-1.511385867965114187e+02,-1.572177308445805863e+02,-1.633820778868298760e+02,-1.696490684605261379e+02,-1.760337437741178803e+02,-1.825395274992447128e+02,-1.891684272591384683e+02,-1.959361675154947591e+02,-2.028574323851784129e+02,-2.099616845545291710e+02,-2.172969482310264198e+02,-2.249262549981449979e+02,-2.329455885089363107e+02,-2.416414753782747482e+02,-3.000000000000000000e+00,-3.000000000000000000e+00
3.837771573589242369e+00,1.928133838972818426e+00,-6.877790887756362048e-01,-3.712457707084343639e+00,-7.030792907461202113e+00,-1.057061585819957017e+01,-1.428833269375090076e+01,-1.816291766449670675e+01,-2.217861434105757112e+01,-2.631820552752462916e+01,-3.057214820266555222e+01,-3.493347524086198064e+01,-3.939260312719012802e+01,-4.394026005914579969e+01,-4.858004646229910861e+01,-5.331927858052883096e+01,-5.814849885683193520e+01,-6.304390073868137989e+01,-6.800554281325118211e+01,-7.304703294143554615e+01,-7.816624176626591236e+01,-8.334502366587774702e+01,-8.857849510198968801e+01,-9.387314447168205334e+01,-9.924325377284053218e+01,-1.046984473375815980e+02,-1.102369318122936903e+02,-1.158465711403218705e+02,-1.215215042937153100e+02,-1.272581366503662821e+02,-1.330631018280967055e+02,-1.389483448079565449e+02,-1.449209840826347602e+02,-1.509743785286298703e+02,-1.571118184884803668e+02,-1.633481400722418186e+02,-1.696979535844579914e+02,-1.761658573527484464e+02,-1.827582543923575997e+02,-1.894882354973179588e+02,-1.963845328307108389e+02,-2.034751774094439156e+02,-2.107888117131595891e+02,-2.183814662997250764e+02,-2.263779811511128912e+02,-2.350429358753577276e+02,-3.000000000000000000e+00,-3.000000000000000000e+00,-3.000000000000000000e+00
4.360835763978769819e+00,2.479980539942785445e+00,-1.514956656117333045e-01,-3.202420488944593746e+00,-6.535941112759993565e+00,-1.008603113919616590e+01,-1.381413907764868299e+01,-1.770083445092187091e+01,-2.172689464062451137e+01,-2.587556733263513919e+01,-3.013985631319515690e+01,-3.451644158619479441e+01,-3.899140427392186581e+01,-4.354809832598267150e+01,-4.818740509585059328e+01,-5.292319882596188307e+01,-5.775691893219162409e+01,-6.266878968134990657e+01,-6.764809349614780842e+01,-7.270617876155948522e+01,-7.784520966760101146e+01,-8.305402243491379011e+01,-8.832084091858096997e+01,-9.364214787575527055e+01,-9.903159398491634136e+01,-1.045086774738451965e+02,-1.100743279797949867e+02,-1.157206063935512503e+02,-1.214391991262891821e+02,-1.272238548526783717e+02,-1.330789624720782172e+02,-1.390160782097453875e+02,-1.450416385199317233e+02,-1.511520573260692117e+02,-1.573549603245191690e+02,-1.636746315850138274e+02,-1.701209983856358576e+02,-1.766876455849291574e+02,-1.833822805654596948e+02,-1.902323798266218375e+02,-1.972817417802563114e+02,-2.045832644638327906e+02,-2.121750809063707379e+02,-2.201456458685963753e+02,-2.288019903401564932e+02,-3.000000000000000000e+00,-3.000000000000000000e+00,-3.000000000000000000e+00,-3.000000000000000000e+00
4.653102446149322446e+00,2.811305224236293920e+00,1.812202856379822313e-01,-2.893329330482776296e+00,-6.249760611995136550e+00,-9.813420818093714360e+00,-1.355382649810825058e+01,-1.745373456188141503e+01,-2.149226128422342086e+01,-2.565360329955461083e+01,-2.993129782999396582e+01,-3.432257250284165906e+01,-3.881131565895980629e+01,-4.337824573741900736e+01,-4.802206595527921706e+01,-5.275981959431557300e+01,-5.759917681925345079e+01,-6.252931001841864145e+01,-6.753302459522963375e+01,-7.260832879303943344e+01,-7.776008167559164974e+01,-8.298900734175568061e+01,-8.828644364444703285e+01,-9.364679460521196575e+01,-9.907333489112478730e+01,-1.045784784193461689e+02,-1.101686933057327025e+02,-1.158463143529594106e+02,-1.216055506753546780e+02,-1.274379172700824796e+02,-1.333447722638314303e+02,-1.393409040347974610e+02,-1.454291474704277221e+02,-1.516055116499533710e+02,-1.578825827394735200e+02,-1.642901174077078963e+02,-1.708376408750251585e+02,-1.775207664545888804e+02,-1.843498753661417595e+02,-1.913617451612303739e+02,-1.986106277364782215e+02,-2.061739764164913709e+02,-2.141493285589276638e+02,-2.227956902785605848e+02,-3.000000000000000000e+00,-3.000000000000000000e+00,-3.000000000000000000e+00,-3.000000000000000000e+00,-3.000000000000000000e+00
4.752162028473915001e+00,2.937465017163001679e+00,3.185114944166094753e-01,-2.764889805451981264e+00,-6.137920902690812142e+00,-9.715414310123282604e+00,-1.347101939707950891e+01,-1.738605937798180534e+01,-2.143909599519268028e+01,-2.561589229667068679e+01,-2.990955650456622905e+01,-3.431523753971681856e+01,-3.881749175066699564e+01,-4.339617388636956719e+01,-4.805118641656660117e+01,-5.279983261150913165e+01,-5.764885250353228940e+01,-6.259481489461978043e+01,-6.762291540054175698e+01,-7.271741841396720929e+01,-7.788187022738858900e+01,-8.312609352962205378e+01,-8.845010343062718050e+01,-9.385204326427832200e+01,-9.932618463411394316e+01,-1.048679138720080175e+02,-1.104860554568870725e+02,-1.161934921588711660e+02,-1.219932382451208213e+02,-1.278771619888761677e+02,-1.338420735559035109e+02,-1.399022253292733069e+02,-1.460593201696353560e+02,-1.523099011537013610e+02,-1.586727796168666202e+02,-1.651772097468729044e+02,-1.718353062879606057e+02,-1.786536777646943790e+02,-1.856516452394030807e+02,-1.928718319036676121e+02,-2.003863752467149197e+02,-2.083240700784710668e+02,-2.169656325839949886e+02,-3.000000000000000000e+00,-3.000000000000000000e+00,-3.000000000000000000e+00,-3.000000000000000000e+00,-3.000000000000000000e+00,-3.000000000000000000e+00
4.697154065988421223e+00,2.895576237837048428e+00,2.853777195081428353e-01,-2.800781172274169784e+00,-6.184172557618253130e+00,-9.770790908301409061e+00,-1.353604754737663640e+01,-1.746659555292088228e+01,-2.153893039474746729e+01,-2.573459021906826649e+01,-3.004583993013866561e+01,-3.446625451136405616e+01,-3.898343906204358689e+01,-4.358107913848002823e+01,-4.825771147998165134e+01,-5.302508625877299409e+01,-5.788744955680554938e+01,-6.284136572162549328e+01,-6.788175957349842804e+01,-7.299893956957228625e+01,-7.818781713987404203e+01,-8.345214809672746981e+01,-8.880004225259062878e+01,-9.423607583336411153e+01,-9.975312958057659785e+01,-1.053380713920083736e+02,-1.109936269463531318e+02,-1.167355511200859297e+02,-1.225788580758220121e+02,-1.285247228345369876e+02,-1.345636624829323296e+02,-1.406934315024952014e+02,-1.469204134718482919e+02,-1.532550616637557823e+02,-1.597190654473567406e+02,-1.663373709467118147e+02,-1.731285577935667845e+02,-1.801114536810312359e+02,-1.873135037161090963e+02,-1.947929955621886791e+02,-2.026857037954516727e+02,-2.113011014616313616e+02,-2.238549869063126323e+02,-3.000000000000000000e+00,-3.000000000000000000e+00,-3.000000000000000000e+00,-3.000000000000000000e+00,-3.000000000000000000e+00,-3.000000000000000000e+00
4.509772956108998088e+00,2.711964751804864182e+00,1.040853769897024800e-01,-2.984157848667079005e+00,-6.372267991396832088e+00,-9.962594156797933920e+00,-1.373334446805771414e+01,-1.767866068703203908e+01,-2.177184506090096505e+01,-2.598733053190023057e+01,-3.031609443030112416e+01,-3.475140169670756052e+01,-3.928482232932552165e+01,-4.390738633361166166e+01,-4.861339659506544564e+01,-5.340536103644119237e+01,-5.828484013242881190e+01,-6.324550975740098124e+01,-6.829245621569606328e+01,-7.343323235599656584e+01,-7.865485131552613041e+01,-8.394611232429321035e+01,-8.931813227497715957e+01,-9.478419597312417011e+01,-1.003392623463288800e+02,-1.059695916055993052e+02,-1.116712197895606380e+02,-1.174569478214979057e+02,-1.233489117838171154e+02,-1.293623233924460862e+02,-1.354853186766970623e+02,-1.416953100369025265e+02,-1.480016776259503501e+02,-1.544337491356087924e+02,-1.610164862659784148e+02,-1.677721746312916196e+02,-1.747255696798728195e+02,-1.819111431532978429e+02,-1.893744961187645686e+02,-1.972278919755460720e+02,-2.057977627347026157e+02,-2.187601859329810736e+02,-3.000000000000000000e+00,-3.000000000000000000e+00,-3.000000000000000000e+00,-3.000000000000000000e+00,-3.000000000000000000e+00,-3.000000000000000000e+00,-3.000000000000000000e+00
4.206503453821216709e+00,2.405356240652047450e+00,-2.043342119122657508e-01,-3.292824879145997752e+00,-6.684696780766934410e+00,-1.028232801491202153e+01,-1.406077223124088427e+01,-1.801752762664567342e+01,-2.212812424384874532e+01,-2.636175081086729932e+01,-3.070576462562272368e+01,-3.515618148552112388e+01,-3.970798975364615302e+01,-4.435584107848869451e+01,-4.909090150686154885e+01,-5.390804849157598255e+01,-5.880756809206064872e+01,-6.378671391405361391e+01,-6.885149384663812100e+01,-7.401391253948261806e+01,-7.926523697442775074e+01,-8.458901621898894518e+01,-8.999164200992862561e+01,-9.549112618567549760e+01,-1.010855739060180127e+02,-1.067608763100262195e+02,-1.125143113414358993e+02,-1.183574085863363763e+02,-1.243073286121039018e+02,-1.303829088610913800e+02,-1.365822703534410039e+02,-1.428849573914373821e+02,-1.492950140244643080e+02,-1.558434973842838929e+02,-1.625622419617079402e+02,-1.694824665585932735e+02,-1.766362175697175871e+02,-1.840749937700525152e+02,-1.919182675802083509e+02,-2.004662468965753703e+02,-2.128537620125853493e+02,-3.000000000000000000e+00,-3.000000000000000000e+00,-3.000000000000000000e+00,-3.000000000000000000e+00,-3.000000000000000000e+00,-3.000000000000000000e+00,-3.000000000000000000e+00,-3.000000000000000000e+00
3.805006550586811809e+00,1.994977641950275160e+00,-6.226580571304142220e-01,-3.712510778849159365e+00,-7.106372443605279976e+00,-1.071454117193658995e+01,-1.450746573360727254e+01,-1.847630691904021205e+01,-2.259920626972620994e+01,-2.684728545152669454e+01,-3.120646533535493461e+01,-3.567468724120983836e+01,-4.024782558671594757e+01,-4.491930908736520678e+01,-4.967940205405596288e+01,-5.452037362172584523e+01,-5.944365870944486829e+01,-6.445219274154511879e+01,-6.954673033503762269e+01,-7.473320808446771935e+01,-8.001158985902029031e+01,-8.537048324374111985e+01,-9.081133630556745118e+01,-9.635087192899995046e+01,-1.019890260397052657e+02,-1.077112732554815011e+02,-1.135206935900074114e+02,-1.194315989723834974e+02,-1.254497692031061575e+02,-1.315864130409150619e+02,-1.378563547769865636e+02,-1.442602089913545456e+02,-1.507975779357391559e+02,-1.574885346478266399e+02,-1.643650589562251980e+02,-1.714752702403361297e+02,-1.788837073698326776e+02,-1.867017059040037452e+02,-1.952493043329705813e+02,-2.071153705703162302e+02,-3.000000000000000000e+00,-3.000000000000000000e+00,-3.000000000000000000e+00,-3.000000000000000000e+00,-3.000000000000000000e+00,-3.000000000000000000e+00,-3.000000000000000000e+00,-3.000000000000000000e+00,-3.000000000000000000e+00
3.315420722304799117e+00,1.495683600158974169e+00,-1.131782116071003097e+00,-4.228515248382422875e+00,-7.626697311749723873e+00,-1.124559167921328395e+01,-1.505656742341524179e+01,-1.903995083563822988e+01,-2.317235008077910408e+01,-2.743237339022261878e+01,-3.180918463860897205e+01,-3.630002539513960613e+01,-4.089840626181529615e+01,-4.559366532146538020e+01,-5.037716382017256933e+01,-5.524397066076195983e+01,-6.019579880022236296e+01,-6.523622506157649070e+01,-7.036391450092891375e+01,-7.558003635999152436e+01,-8.088729667075919849e+01,-8.628135389193209903e+01,-9.176497757908387598e+01,-9.735133591599938541e+01,-1.030397519669590025e+02,-1.088159624916665678e+02,-1.146840678464901657e+02,-1.206627285054435532e+02,-1.267578899384584474e+02,-1.329716052405717051e+02,-1.393245634592627198e+02,-1.458385730554571751e+02,-1.525201424874710767e+02,-1.593850200019375052e+02,-1.664603315492412889e+02,-1.738059017052127331e+02,-1.815864166735831873e+02,-1.901509699204680999e+02,-2.020370384558984540e+02,-3.000000000000000000e+00,-3.000000000000000000e+00,-3.000000000000000000e+00,-3.000000000000000000e+00,-3.000000000000000000e+00,-3.000000000000000000e+00,-3.000000000000000000e+00,-3.000000000000000000e+00,-3.000000000000000000e+00,-3.000000000000000000e+00
2.734511608812800088e+00,9.064266979827256820e-01,-1.730858477227869674e+00,-4.836919786020266621e+00,-8.240070456241380015e+00,-1.186622280550856523e+01,-1.569358117096730076e+01,-1.969485953803422973e+01,-2.384023474439604939e+01,-2.811272843176971037e+01,-3.250758363872894563e+01,-3.702340850171767528e+01,-4.164965933904487372e+01,-4.637061555556665837e+01,-5.117898254603024100e+01,-5.607519392397581015e+01,-6.105996084493364151e+01,-6.613360991710936787e+01,-7.129489687182596924e+01,-7.654402242291220659e+01,-8.188347722152393260e+01,-8.731395724057905738e+01,-9.284191888363093881e+01,-9.847964967923800828e+01,-1.042258574804540388e+02,-1.100643810779985330e+02,-1.159959620288400828e+02,-1.220438119106858039e+02,-1.282243544760745522e+02,-1.345376027667490746e+02,-1.410004605351465159e+02,-1.476451870632598968e+02,-1.544879511993205767e+02,-1.615552227618574364e+02,-1.689015206321042797e+02,-1.766492353745029789e+02,-1.851906700835145330e+02,-1.973594724842456287e+02,-3.000000000000000000e+00,-3.000000000000000000e+00,-3.000000000000000000e+00,-3.000000000000000000e+00,-3.000000000000000000e+00,-3.000000000000000000e+00,-3.000000000000000000e+00,-3.000000000000000000e+00,-3.000000000000000000e+00,-3.000000000000000000e+00,-3.000000000000000000e+00
2.055721810456759613e+00,2.213607665646159239e-01,-2.421315655019536273e+00,-5.534714695500534631e+00,-8.946228965432823088e+00,-1.257913607496774588e+01,-1.641596192100615426e+01,-2.043532619343275414e+01,-2.460109006971912748e+01,-2.889012644571839772e+01,-3.330196698065918071e+01,-3.784065390179279120e+01,-4.249414111873285549e+01,-4.724192812385448548e+01,-5.207661789989069945e+01,-5.700401889602226646e+01,-6.202561530372122434e+01,-6.713597999337861211e+01,-7.233258013937437170e+01,-7.761791904041437817e+01,-8.299555191947104049e+01,-8.846750625796083511e+01,-9.404087925784634194e+01,-9.972926896143863473e+01,-1.055354752756610281e+02,-1.114457223862341522e+02,-1.174554003460316096e+02,-1.235857437090970876e+02,-1.298610740441784230e+02,-1.362903358811163059e+02,-1.428910484290162799e+02,-1.497002578485651441e+02,-1.567411735990285706e+02,-1.640545373482884770e+02,-1.718064370647124406e+02,-1.803688598172997217e+02,-1.912616306938967909e+02,-3.000000000000000000e+00,-3.000000000000000000e+00,-3.000000000000000000e+00,-3.000000000000000000e+00,-3.000000000000000000e+00,-3.000000000000000000e+00,-3.000000000000000000e+00,-3.000000000000000000e+00,-3.000000000000000000e+00,-3.000000000000000000e+00,-3.000000000000000000e+00,-3.000000000000000000e+00
1.289904057647558666e+00,-5.527657168534045873e-01,-3.203374245604030168e+00,-6.323998621926825159e+00,-9.743263873645409134e+00,-1.338370934268379919e+01,-1.722883523160908581e+01,-2.126386067297685756e+01,-2.545102486488066518e+01,-2.976023853204501179e+01,-3.419092675427881289e+01,-3.875097174737079087e+01,-4.343002911781360353e+01,-4.820518535125847137e+01,-5.306742713786469778e+01,-5.802533114113029455e+01,-6.308407848320432976e+01,-6.823516738173974261e+01,-7.347224844364247076e+01,-7.879943120966487413e+01,-8.422289723291574148e+01,-8.974434491104256040e+01,-9.536811160366760021e+01,-1.011075143933461788e+02,-1.069729857100055597e+02,-1.129621191976362979e+02,-1.190668901222348381e+02,-1.253000083596290324e+02,-1.316883852786944260e+02,-1.382503991289775627e+02,-1.450076558786807936e+02,-1.520118439874923126e+02,-1.593194221905880852e+02,-1.670478043924371434e+02,-1.756059568870531109e+02,-1.859713442386066049e+02,-1.990985930392047862e+02,-3.000000000000000000e+00,-3.000000000000000000e+00,-3.000000000000000000e+00,-3.000000000000000000e+00,-3.000000000000000000e+00,-3.000000000000000000e+00,-3.000000000000000000e+00,-3.000000000000000000e+00,-3.000000000000000000e+00,-3.000000000000000000e+00,-3.000000000000000000e+00,-3.000000000000000000e+00
4.526227346012654529e-01,-1.400853540150975851e+00,-4.061707383940762917e+00,-7.195056267496262592e+00,-1.062878317727015265e+01,-1.428068458520069584e+01,-1.813392296629073286e+01,-2.217849690254316286e+01,-2.638272255571447644e+01,-3.071471797496986156e+01,-3.516802730146797984e+01,-3.975022920506682311e+01,-4.445511822209284247e+01,-4.926018541758038083e+01,-5.415340174527000983e+01,-5.914176315930601646e+01,-6.423447709544312545e+01,-6.942864917337603003e+01,-7.471420185952150916e+01,-8.009001120161889276e+01,-8.556494653149806595e+01,-9.114504798770133220e+01,-9.683068523143921880e+01,-1.026292195254470272e+02,-1.085572988676822774e+02,-1.146263903517394169e+02,-1.208359835916273255e+02,-1.271929879360021403e+02,-1.337203970663536552e+02,-1.404440385873622574e+02,-1.473920777210506969e+02,-1.546310039908971703e+02,-1.623300367868624789e+02,-1.709162707708249798e+02,-1.822882638343449457e+02,-1.943635987219509218e+02,-3.000000000000000000e+00,-3.000000000000000000e+00,-3.000000000000000000e+00,-3.000000000000000000e+00,-3.000000000000000000e+00,-3.000000000000000000e+00,-3.000000000000000000e+00,-3.000000000000000000e+00,-3.000000000000000000e+00,-3.000000000000000000e+00,-3.000000000000000000e+00,-3.000000000000000000e+00,-3.000000000000000000e+00
-4.498404159707463101e-01,-2.316831404400391037e+00,-4.992127539640643263e+00,-8.142245622711296704e+00,-1.159334891132305678e+01,-1.525954126379430775e+01,-1.912313869668837540e+01,-2.317570446826815811e+01,-2.739355421931313117e+01,-3.174825459512084791e+01,-3.622674033858184828e+01,-4.083350641404591386e+01,-4.556594415626943118e+01,-5.040380838793745255e+01,-5.533280706030351581e+01,-6.035658269738150494e+01,-6.548490759091632185e+01,-7.072153566731135754e+01,-7.605816678362764094e+01,-8.148893869347043051e+01,-8.702245412669536506e+01,-9.266916654706319889e+01,-9.842736181728837153e+01,-1.042972209273825968e+02,-1.102975915773772186e+02,-1.164516770656794336e+02,-1.227748879128028534e+02,-1.292748099537449491e+02,-1.359665563514978430e+02,-1.428886705931503798e+02,-1.501003382047284447e+02,-1.577366730829128585e+02,-1.662156953488670013e+02,-1.772037287399766683e+02,-1.903588652947238131e+02,-3.000000000000000000e+00,-3.000000000000000000e+00,-3.000000000000000000e+00,-3.000000000000000000e+00,-3.000000000000000000e+00,-3.000000000000000000e+00,-3.000000000000000000e+00,-3.000000000000000000e+00,-3.000000000000000000e+00,-3.000000000000000000e+00,-3.000000000000000000e+00,-3.000000000000000000e+00,-3.000000000000000000e+00,-3.000000000000000000e+00
-1.417140551508813573e+00,-3.300251837154153378e+00,-5.992149614686886672e+00,-9.159450550923009970e+00,-1.262931105029933043e+01,-1.631348093482306894e+01,-2.019005484934656280e+01,-2.425285118654303673e+01,-2.848435991738599782e+01,-3.286129472939507679e+01,-3.736741338842088567e+01,-4.200069645793890061e+01,-4.675987831068167111e+01,-5.163155452192248873e+01,-5.660171095951098152e+01,-6.166908604917365011e+01,-6.683949442108180961e+01,-7.211714616655542898e+01,-7.750321436762035887e+01,-8.299591976431450746e+01,-8.859729089054931706e+01,-9.431514204305761950e+01,-1.001517805644101031e+02,-1.061067515752858554e+02,-1.121960768113254119e+02,-1.184507457171602738e+02,-1.249013807978093382e+02,-1.315666317654984709e+02,-1.384605608172260247e+02,-1.456357534967078777e+02,-1.532511494469870001e+02,-1.617086911954436346e+02,-1.728130179215608280e+02,-1.853780997384875207e+02,-3.000000000000000000e+00,-3.000000000000000000e+00,-3.000000000000000000e+00,-3.000000000000000000e+00,-3.000000000000000000e+00,-3.000000000000000000e+00,-3.000000000000000000e+00,-3.000000000000000000e+00,-3.000000000000000000e+00,-3.000000000000000000e+00,-3.000000000000000000e+00,-3.000000000000000000e+00,-3.000000000000000000e+00,-3.000000000000000000e+00,-3.000000000000000000e+00
-2.447716964730013434e+00,-4.349275659277336281e+00,-7.061696992272313622e+00,-1.024683687327785542e+01,-1.373345341400111863e+01,-1.743691274356377718e+01,-2.133239014682454737e+01,-2.541099336286558241e+01,-2.965807268611803948e+01,-3.405697632584742252e+01,-3.859145977794198501e+01,-4.325241877286348569e+01,-4.803853416074925065e+01,-5.294457727282770776e+01,-5.795822651949178095e+01,-6.307297336994378867e+01,-6.829009051398091401e+01,-7.361445297594784165e+01,-7.905602411188257861e+01,-8.461711795113906476e+01,-9.029218283473039719e+01,-9.608500219937953091e+01,-1.020064914731484720e+02,-1.080628762811989247e+02,-1.142654469690582033e+02,-1.206454858230070215e+02,-1.272439229999187376e+02,-1.341039346064335689e+02,-1.412688895124175872e+02,-1.488559133886215307e+02,-1.572511650914923393e+02,-1.678773162389719857e+02,-1.805007100066645762e+02,-3.000000000000000000e+00,-3.000000000000000000e+00,-3.000000000000000000e+00,-3.000000000000000000e+00,-3.000000000000000000e+00,-3.000000000000000000e+00,-3.000000000000000000e+00,-3.000000000000000000e+00,-3.000000000000000000e+00,-3.000000000000000000e+00,-3.000000000000000000e+00,-3.000000000000000000e+00,-3.000000000000000000e+00,-3.000000000000000000e+00,-3.000000000000000000e+00,-3.000000000000000000e+00
-3.542812148483502011e+00,-5.461205193810836356e+00,-8.193109603154118403e+00,-1.139876023679392425e+01,-1.490492591992003568e+01,-1.862860312914643046e+01,-2.254660487363772603e+01,-2.664784777876284139e+01,-3.091616380641019646e+01,-3.533660599608061403e+01,-3.989667729799896989e+01,-4.458659124862433032e+01,-4.940388549052480727e+01,-5.434679201703293927e+01,-5.940471741905007974e+01,-6.456589924116586587e+01,-6.983156485333471153e+01,-7.521527197348923721e+01,-8.072613365700438237e+01,-8.636034893595929418e+01,-9.211177490754846531e+01,-9.798617055822062127e+01,-1.040029933180274497e+02,-1.101790750822289340e+02,-1.165244808461139598e+02,-1.230658339939650006e+02,-1.298525244468393680e+02,-1.369583686533289040e+02,-1.445289984992309371e+02,-1.529269403126987754e+02,-1.636675660856741672e+02,-1.754071232882704976e+02,-3.000000000000000000e+00,-3.000000000000000000e+00,-3.000000000000000000e+00,-3.000000000000000000e+00,-3.000000000000000000e+00,-3.000000000000000000e+00,-3.000000000000000000e+00,-3.000000000000000000e+00,-3.000000000000000000e+00,-3.000000000000000000e+00,-3.000000000000000000e+00,-3.000000000000000000e+00,-3.000000000000000000e+00,-3.000000000000000000e+00,-3.000000000000000000e+00,-3.000000000000000000e+00,-3.000000000000000000e+00
-4.704241960430492142e+00,-6.636895554752221926e+00,-9.385722405894592058e+00,-1.261174644141559220e+01,-1.613897106039281937e+01,-1.988405088686372579e+01,-2.382755211050312028e+01,-2.795749452161314963e+01,-3.225259299939024515e+01,-3.669633572003904476e+01,-4.128166185561659773e+01,-4.600262267702413510e+01,-5.085579820615046032e+01,-5.583982221303268290e+01,-6.094543687387038489e+01,-6.615611919529766283e+01,-7.147481494029797489e+01,-7.692526941573568422e+01,-8.251311720207948497e+01,-8.822560012303392796e+01,-9.405951158014940461e+01,-1.000270552663657497e+02,-1.061549201480202385e+02,-1.124710627366131206e+02,-1.189880222855405236e+02,-1.257316596094261172e+02,-1.327780186555607713e+02,-1.402869514238694819e+02,-1.486398449327750200e+02,-1.592137334335947969e+02,-1.711083652962662427e+02,-3.000000000000000000e+00,-3.000000000000000000e+00,-3.000000000000000000e+00,-3.000000000000000000e+00,-3.000000000000000000e+00,-3.000000000000000000e+00,-3.000000000000000000e+00,-3.000000000000000000e+00,-3.000000000000000000e+00,-3.000000000000000000e+00,-3.000000000000000000e+00,-3.000000000000000000e+00,-3.000000000000000000e+00,-3.000000000000000000e+00,-3.000000000000000000e+00,-3.000000000000000000e+00,-3.000000000000000000e+00,-3.000000000000000000e+00
-5.931720603984399709e+00,-7.876901654194443658e+00,-1.063689418381544805e+01,-1.387916729108478364e+01,-1.743021908957806687e+01,-2.120292313310994459e+01,-2.517534335852624849e+01,-2.933573490250962834e+01,-3.366045647158164655e+01,-3.813188566701492022e+01,-4.274686122852366310e+01,-4.750340670719290159e+01,-5.239658528298708262e+01,-5.742477273453298636e+01,-6.258145783062908407e+01,-6.785071990014719745e+01,-7.323329216226194660e+01,-7.875142856834388283e+01,-8.441404550152182651e+01,-9.021072352576473463e+01,-9.614024891725370026e+01,-1.022201817863797970e+02,-1.084808732548643917e+02,-1.149588460127788778e+02,-1.216803291742353963e+02,-1.286873467335217924e+02,-1.361355415316909330e+02,-1.444368546596740259e+02,-1.552163453513528566e+02,-1.669288867674470680e+02,-1.775719560424723795e+02,-3.000000000000000000e+00,-3.000000000000000000e+00,-3.000000000000000000e+00,-3.000000000000000000e+00,-3.000000000000000000e+00,-3.000000000000000000e+00,-3.000000000000000000e+00,-3.000000000000000000e+00,-3.000000000000000000e+00,-3.000000000000000000e+00,-3.000000000000000000e+00,-3.000000000000000000e+00,-3.000000000000000000e+00,-3.000000000000000000e+00,-3.000000000000000000e+00,-3.000000000000000000e+00,-3.000000000000000000e+00,-3.000000000000000000e+00
-7.217912295490590324e+00,-9.177501982358533539e+00,-1.195015762182138630e+01,-1.520776528289698426e+01,-1.878173685420176398e+01,-2.258406527372281047e+01,-2.658871155531057084e+01,-3.078224288229160166e+01,-3.513967457522002746e+01,-3.964366063788623507e+01,-4.429482131153348945e+01,-4.909281679163008505e+01,-5.402929662902719343e+01,-5.910373521314966183e+01,-6.431426648802094803e+01,-6.964899601221388536e+01,-7.510486106158718655e+01,-8.069631777859267174e+01,-8.643732446466879082e+01,-9.232873461783897540e+01,-9.837302413034257142e+01,-1.045896015146231832e+02,-1.110087681436457814e+02,-1.176763808938352724e+02,-1.246608182264358931e+02,-1.320912798309311995e+02,-1.403252890038398277e+02,-1.506973245993276862e+02,-1.627086190742779479e+02,-1.728360815021212318e+02,-3.000000000000000000e+00,-3.000000000000000000e+00,-3.000000000000000000e+00,-3.000000000000000000e+00,-3.000000000000000000e+00,-3.000000000000000000e+00,-3.000000000000000000e+00,-3.000000000000000000e+00,-3.000000000000000000e+00,-3.000000000000000000e+00,-3.000000000000000000e+00,-3.000000000000000000e+00,-3.000000000000000000e+00,-3.000000000000000000e+00,-3.000000000000000000e+00,-3.000000000000000000e+00,-3.000000000000000000e+00,-3.000000000000000000e+00,-3.000000000000000000e+00
-8.556773101300722217e+00,-1.053427485248490925e+01,-1.332501088560489322e+01,-1.660398513859830061e+01,-2.020366227439235018e+01,-2.403468852019589974e+01,-2.807025073731137255e+01,-3.229704612703037725e+01,-3.669029705441981548e+01,-4.123357157471116352e+01,-4.592794934480457414e+01,-5.077209243542720429e+01,-5.575699887609580685e+01,-6.088134017394306596e+01,-6.614664557897334873e+01,-7.154829874925047761e+01,-7.708379080707612729e+01,-8.276178144792903879e+01,-8.859827010330020869e+01,-9.460443314923281832e+01,-1.007874339707583715e+02,-1.071686962998200414e+02,-1.137840245837406883e+02,-1.206985743488542511e+02,-1.280789699668009689e+02,-1.363165858212760781e+02,-1.469500398725085972e+02,-1.584226060827704146e+02,-1.690934324360812866e+02,-3.000000000000000000e+00,-3.000000000000000000e+00,-3.000000000000000000e+00,-3.000000000000000000e+00,-3.000000000000000000e+00,-3.000000000000000000e+00,-3.000000000000000000e+00,-3.000000000000000000e+00,-3.000000000000000000e+00,-3.000000000000000000e+00,-3.000000000000000000e+00,-3.000000000000000000e+00,-3.000000000000000000e+00,-3.000000000000000000e+00,-3.000000000000000000e+00,-3.000000000000000000e+00,-3.000000000000000000e+00,-3.000000000000000000e+00,-3.000000000000000000e+00,-3.000000000000000000e+00
-9.950020614811240449e+00,-1.195110103975049576e+01,-1.476801230862876757e+01,-1.807264118424816601e+01,-2.169651707156963028e+01,-2.555558967806157611e+01,-2.962484541858519194e+01,-3.388590681943071559e+01,-3.831490067113963960e+01,-4.290083947638095196e+01,-4.764349942750361322e+01,-5.253933848029625864e+01,-5.758005515385725914e+01,-6.276051199183696383e+01,-6.808390778075840899e+01,-7.355473903556766402e+01,-7.917597528428488829e+01,-8.495665939704220193e+01,-9.091345304051849041e+01,-9.706053480734945538e+01,-1.034085465580578642e+02,-1.099869795185935288e+02,-1.168624572698675053e+02,-1.241831379938915774e+02,-1.323277176096586629e+02,-1.425851481441396800e+02,-1.543587113344019315e+02,-1.644604885370297040e+02,-3.000000000000000000e+00,-3.000000000000000000e+00,-3.000000000000000000e+00,-3.000000000000000000e+00,-3.000000000000000000e+00,-3.000000000000000000e+00,-3.000000000000000000e+00,-3.000000000000000000e+00,-3.000000000000000000e+00,-3.000000000000000000e+00,-3.000000000000000000e+00,-3.000000000000000000e+00,-3.000000000000000000e+00,-3.000000000000000000e+00,-3.000000000000000000e+00,-3.000000000000000000e+00,-3.000000000000000000e+00,-3.000000000000000000e+00,-3.000000000000000000e+00,-3.000000000000000000e+00,-3.000000000000000000e+00
-1.140261936917673502e+01,-1.343228109787029823e+01,-1.627765297835144764e+01,-1.960788583682903408e+01,-2.325796039037194518e+01,-2.714770783716340574e+01,-3.125156120848691543e+01,-3.554996895953365055e+01,-4.002012475159084204e+01,-4.465117023480718927e+01,-4.944190790866130669e+01,-5.439152329324802793e+01,-5.949409711978303505e+01,-6.474142183396409678e+01,-7.013522247990435687e+01,-7.568475536473297893e+01,-8.140033222968713744e+01,-8.729766414116279805e+01,-9.339574637210108676e+01,-9.971119510956796717e+01,-1.062633260288493204e+02,-1.130967706791931420e+02,-1.203627660416907617e+02,-1.284503745111744593e+02,-1.385871175281675676e+02,-1.499001038457333266e+02,-1.608596859764504643e+02,-3.000000000000000000e+00,-3.000000000000000000e+00,-3.000000000000000000e+00,-3.000000000000000000e+00,-3.000000000000000000e+00,-3.000000000000000000e+00,-3.000000000000000000e+00,-3.000000000000000000e+00,-3.000000000000000000e+00,-3.000000000000000000e+00,-3.000000000000000000e+00,-3.000000000000000000e+00,-3.000000000000000000e+00,-3.000000000000000000e+00,-3.000000000000000000e+00,-3.000000000000000000e+00,-3.000000000000000000e+00,-3.000000000000000000e+00,-3.000000000000000000e+00,-3.000000000000000000e+00,-3.000000000000000000e+00,-3.000000000000000000e+00
-1.291510778562050810e+01,-1.497439455862538793e+01,-1.784940609574324455e+01,-2.120791332778929927e+01,-2.488769892629926161e+01,-2.880892484417170962e+01,-3.294758699745264607e+01,-3.728879504098937048e+01,-4.180825497339228036e+01,-4.648930921208236100e+01,-5.133042909063677683e+01,-5.633503949936239508e+01,-6.150290999836117578e+01,-6.682983537500068394e+01,-7.231311063904986725e+01,-7.795723475290502336e+01,-8.377930726899479907e+01,-8.980646862466761604e+01,-9.606267631031968790e+01,-1.025756780882689156e+02,-1.093978427051724509e+02,-1.166481051494776580e+02,-1.246613924630055834e+02,-1.344130113648800773e+02,-1.457678886512113365e+02,-1.562084829611785324e+02,-3.000000000000000000e+00,-3.000000000000000000e+00,-3.000000000000000000e+00,-3.000000000000000000e+00,-3.000000000000000000e+00,-3.000000000000000000e+00,-3.000000000000000000e+00,-3.000000000000000000e+00,-3.000000000000000000e+00,-3.000000000000000000e+00,-3.000000000000000000e+00,-3.000000000000000000e+00,-3.000000000000000000e+00,-3.000000000000000000e+00,-3.000000000000000000e+00,-3.000000000000000000e+00,-3.000000000000000000e+00,-3.000000000000000000e+00,-3.000000000000000000e+00,-3.000000000000000000e+00,-3.000000000000000000e+00,-3.000000000000000000e+00,-3.000000000000000000e+00
-1.448881878935250356e+01,-1.657428108706961112e+01,-1.947850989959140833e+01,-2.287245439523284674e+01,-2.658794301127046822e+01,-3.054260587685300976e+01,-3.471810819040867813e+01,-3.910519239455925344e+01,-4.367722487776678264e+01,-4.841313793892566508e+01,-5.331294167590924360e+01,-5.838258271608953720e+01,-6.362520765883681406e+01,-6.904197821142109603e+01,-7.462832029747640661e+01,-8.038514003876080949e+01,-8.633466583252648263e+01,-9.251371395767307604e+01,-9.895863948832295875e+01,-1.057244398284230442e+02,-1.129516898628166359e+02,-1.209918771066864736e+02,-1.309452099756767041e+02,-1.417911763178947240e+02,-1.535700923003435321e+02,-3.000000000000000000e+00,-3.000000000000000000e+00,-3.000000000000000000e+00,-3.000000000000000000e+00,-3.000000000000000000e+00,-3.000000000000000000e+00,-3.000000000000000000e+00,-3.000000000000000000e+00,-3.000000000000000000e+00,-3.000000000000000000e+00,-3.000000000000000000e+00,-3.000000000000000000e+00,-3.000000000000000000e+00,-3.000000000000000000e+00,-3.000000000000000000e+00,-3.000000000000000000e+00,-3.000000000000000000e+00,-3.000000000000000000e+00,-3.000000000000000000e+00,-3.000000000000000000e+00,-3.000000000000000000e+00,-3.000000000000000000e+00,-3.000000000000000000e+00,-3.000000000000000000e+00
-1.612545833377270554e+01,-1.823882645763984556e+01,-2.117578587438399040e+01,-2.460816249418519774e+01,-2.836054325449572389e+01,-3.235160480349841094e+01,-3.656937649320863670e+01,-4.100500517312012505e+01,-4.562979121123512982e+01,-5.042422138323870939e+01,-5.539210856148030615e+01,-6.054087466916976012e+01,-6.587281062660836994e+01,-7.138917717668783780e+01,-7.708874953363137195e+01,-8.297910028223068934e+01,-8.908626256996289783e+01,-9.545566169416795788e+01,-1.021597460897555436e+02,-1.093398402231558890e+02,-1.173368382383808637e+02,-1.271248518498537692e+02,-1.384129249462681059e+02,-1.497543368886701103e+02,-1.618194500324573539e+02,-3.000000000000000000e+00,-3.000000000000000000e+00,-3.000000000000000000e+00,-3.000000000000000000e+00,-3.000000000000000000e+00,-3.000000000000000000e+00,-3.000000000000000000e+00,-3.000000000000000000e+00,-3.000000000000000000e+00,-3.000000000000000000e+00,-3.000000000000000000e+00,-3.000000000000000000e+00,-3.000000000000000000e+00,-3.000000000000000000e+00,-3.000000000000000000e+00,-3.000000000000000000e+00,-3.000000000000000000e+00,-3.000000000000000000e+00,-3.000000000000000000e+00,-3.000000000000000000e+00,-3.000000000000000000e+00,-3.000000000000000000e+00,-3.000000000000000000e+00,-3.000000000000000000e+00
-1.782412859088428903e+01,-1.997315059130553649e+01,-2.294461593931113086e+01,-2.641168231062972893e+01,-3.020538420730984797e+01,-3.424237552693359277e+01,-3.850677295351702156e+01,-4.299170393335150209e+01,-4.767372161932538432e+01,-5.253541529886077655e+01,-5.757850884197396368e+01,-6.281235496732209356e+01,-6.824197480042219865e+01,-7.386937772815221592e+01,-7.970228691049122460e+01,-8.575736628737740830e+01,-9.206342900880882496e+01,-9.868622150643230384e+01,-1.057926385506706310e+02,-1.137629971689285924e+02,-1.238160116919542872e+02,-1.350568857386922730e+02,-1.466239512490156187e+02,-1.583166462245144714e+02,-3.000000000000000000e+00,-3.000000000000000000e+00,-3.000000000000000000e+00,-3.000000000000000000e+00,-3.000000000000000000e+00,-3.000000000000000000e+00,-3.000000000000000000e+00,-3.000000000000000000e+00,-3.000000000000000000e+00,-3.000000000000000000e+00,-3.000000000000000000e+00,-3.000000000000000000e+00,-3.000000000000000000e+00,-3.000000000000000000e+00,-3.000000000000000000e+00,-3.000000000000000000e+00,-3.000000000000000000e+00,-3.000000000000000000e+00,-3.000000000000000000e+00,-3.000000000000000000e+00,-3.000000000000000000e+00,-3.000000000000000000e+00,-3.000000000000000000e+00,-3.000000000000000000e+00,-3.000000000000000000e+00
-1.958282389750820229e+01,-2.177267279961706592e+01,-2.478167962589338202e+01,-2.828342559363824549e+01,-3.212095303069444441e+01,-3.621099928097167719e+01,-4.053020293388588868e+01,-4.507266933852611146e+01,-4.982142744514065669e+01,-5.475945337358670884e+01,-5.988431625704712502e+01,-6.520747788894519203e+01,-7.074057349654410132e+01,-7.649489310812707288e+01,-8.249026881359040431e+01,-8.875081348784470947e+01,-9.532168188563051103e+01,-1.023412621015361168e+02,-1.101699268170943213e+02,-1.197724063777868651e+02,-1.308776269346821550e+02,-1.427764761643723261e+02,-1.544851938785579932e+02,-3.000000000000000000e+00,-3.000000000000000000e+00,-3.000000000000000000e+00,-3.000000000000000000e+00,-3.000000000000000000e+00,-3.000000000000000000e+00,-3.000000000000000000e+00,-3.000000000000000000e+00,-3.000000000000000000e+00,-3.000000000000000000e+00,-3.000000000000000000e+00,-3.000000000000000000e+00,-3.000000000000000000e+00,-3.000000000000000000e+00,-3.000000000000000000e+00,-3.000000000000000000e+00,-3.000000000000000000e+00,-3.000000000000000000e+00,-3.000000000000000000e+00,-3.000000000000000000e+00,-3.000000000000000000e+00,-3.000000000000000000e+00,-3.000000000000000000e+00,-3.000000000000000000e+00,-3.000000000000000000e+00,-3.000000000000000000e+00
-2.140423615812534663e+01,-2.363365945144619928e+01,-2.668257463592959056e+01,-3.022611922722084543e+01,-3.411073783777627000e+01,-3.825845872966725381e+01,-4.264258814418776922e+01,-4.725433483197917184e+01,-5.207929876994539597e+01,-5.710185495782057785e+01,-6.232040512961966527e+01,-6.774720933539680345e+01,-7.339998995616382160e+01,-7.930682969692486495e+01,-8.550240893996479485e+01,-9.202769485050390585e+01,-9.899899825070349380e+01,-1.067496667801841284e+02,-1.161396838141954646e+02,-1.266008646131789277e+02,-1.380802411074965050e+02,-1.502914641168603396e+02,-3.000000000000000000e+00,-3.000000000000000000e+00,-3.000000000000000000e+00,-3.000000000000000000e+00,-3.000000000000000000e+00,-3.000000000000000000e+00,-3.000000000000000000e+00,-3.000000000000000000e+00,-3.000000000000000000e+00,-3.000000000000000000e+00,-3.000000000000000000e+00,-3.000000000000000000e+00,-3.000000000000000000e+00,-3.000000000000000000e+00,-3.000000000000000000e+00,-3.000000000000000000e+00,-3.000000000000000000e+00,-3.000000000000000000e+00,-3.000000000000000000e+00,-3.000000000000000000e+00,-3.000000000000000000e+00,-3.000000000000000000e+00,-3.000000000000000000e+00,-3.000000000000000000e+00,-3.000000000000000000e+00,-3.000000000000000000e+00,-3.000000000000000000e+00
-2.329196155327047890e+01,-2.556208668992691457e+01,-2.865608949406343342e+01,-3.224740243467425671e+01,-3.618161149588069492e+01,-4.039031290371208627e+01,-4.484812177785995146e+01,-4.953843945439436425e+01,-5.444675138841502360e+01,-5.956507759748421194e+01,-6.489716581035267495e+01,-7.045318681035794839e+01,-7.625511285454889787e+01,-8.235090754532919277e+01,-8.881031838517141352e+01,-9.575088859664329277e+01,-1.034702937324884999e+02,-1.127839456208656230e+02,-1.231915477275972961e+02,-1.340434937745418154e+02,-1.457686078707073705e+02,-3.000000000000000000e+00,-3.000000000000000000e+00,-3.000000000000000000e+00,-3.000000000000000000e+00,-3.000000000000000000e+00,-3.000000000000000000e+00,-3.000000000000000000e+00,-3.000000000000000000e+00,-3.000000000000000000e+00,-3.000000000000000000e+00,-3.000000000000000000e+00,-3.000000000000000000e+00,-3.000000000000000000e+00,-3.000000000000000000e+00,-3.000000000000000000e+00,-3.000000000000000000e+00,-3.000000000000000000e+00,-3.000000000000000000e+00,-3.000000000000000000e+00,-3.000000000000000000e+00,-3.000000000000000000e+00,-3.000000000000000000e+00,-3.000000000000000000e+00,-3.000000000000000000e+00,-3.000000000000000000e+00,-3.000000000000000000e+00,-3.000000000000000000e+00,-3.000000000000000000e+00
-2.524891497975658439e+01,-2.756443102196383421e+01,-3.070632613000875466e+01,-3.434899776456783371e+01,-3.834129280987134081e+01,-4.261634134205609570e+01,-4.715063360323873098e+01,-5.192695647672547921e+01,-5.693074473687254766e+01,-6.216074641195852024e+01,-6.762640813840300780e+01,-7.334215598648323464e+01,-7.933989711117085619e+01,-8.569065218892428959e+01,-9.254709953456101346e+01,-1.002465109382090844e+02,-1.097473794288779345e+02,-1.201198940067492202e+02,-1.310699463930914135e+02,-1.423867530224324298e+02,-3.000000000000000000e+00,-3.000000000000000000e+00,-3.000000000000000000e+00,-3.000000000000000000e+00,-3.000000000000000000e+00,-3.000000000000000000e+00,-3.000000000000000000e+00,-3.000000000000000000e+00,-3.000000000000000000e+00,-3.000000000000000000e+00,-3.000000000000000000e+00,-3.000000000000000000e+00,-3.000000000000000000e+00,-3.000000000000000000e+00,-3.000000000000000000e+00,-3.000000000000000000e+00,-3.000000000000000000e+00,-3.000000000000000000e+00,-3.000000000000000000e+00,-3.000000000000000000e+00,-3.000000000000000000e+00,-3.000000000000000000e+00,-3.000000000000000000e+00,-3.000000000000000000e+00,-3.000000000000000000e+00,-3.000000000000000000e+00,-3.000000000000000000e+00,-3.000000000000000000e+00,-3.000000000000000000e+00
-2.727711687053592371e+01,-2.964279441153681205e+01,-3.283788515046531842e+01,-3.653729169562684120e+01,-4.059446921067284109e+01,-4.494274411560999027e+01,-4.956133931416170668e+01,-5.443669691654959308e+01,-5.955486818992732623e+01,-6.491667594408532693e+01,-7.053770017560000838e+01,-7.644941932972837151e+01,-8.271543482733652297e+01,-8.947363381789908487e+01,-9.704918256666584853e+01,-1.062800992687989776e+02,-1.166256173360670374e+02,-1.274865394065596291e+02,-1.388293544891802469e+02,-3.000000000000000000e+00,-3.000000000000000000e+00,-3.000000000000000000e+00,-3.000000000000000000e+00,-3.000000000000000000e+00,-3.000000000000000000e+00,-3.000000000000000000e+00,-3.000000000000000000e+00,-3.000000000000000000e+00,-3.000000000000000000e+00,-3.000000000000000000e+00,-3.000000000000000000e+00,-3.000000000000000000e+00,-3.000000000000000000e+00,-3.000000000000000000e+00,-3.000000000000000000e+00,-3.000000000000000000e+00,-3.000000000000000000e+00,-3.000000000000000000e+00,-3.000000000000000000e+00,-3.000000000000000000e+00,-3.000000000000000000e+00,-3.000000000000000000e+00,-3.000000000000000000e+00,-3.000000000000000000e+00,-3.000000000000000000e+00,-3.000000000000000000e+00,-3.000000000000000000e+00,-3.000000000000000000e+00,-3.000000000000000000e+00
-2.938246221867862928e+01,-3.179966119496221921e+01,-3.505214321086278773e+01,-3.881922112531037072e+01,-4.295098786638801158e+01,-4.738100859255000330e+01,-5.209617932376266936e+01,-5.708946279766069409e+01,-6.234733940942928854e+01,-6.787162177916168559e+01,-7.368947117101988908e+01,-7.986075683715678508e+01,-8.652778953629544390e+01,-9.402535053801851461e+01,-1.031973905571765613e+02,-1.131890722285898221e+02,-1.238002223799531265e+02,-1.349234120989741541e+02,-1.462664485738403357e+02,-3.000000000000000000e+00,-3.000000000000000000e+00,-3.000000000000000000e+00,-3.000000000000000000e+00,-3.000000000000000000e+00,-3.000000000000000000e+00,-3.000000000000000000e+00,-3.000000000000000000e+00,-3.000000000000000000e+00,-3.000000000000000000e+00,-3.000000000000000000e+00,-3.000000000000000000e+00,-3.000000000000000000e+00,-3.000000000000000000e+00,-3.000000000000000000e+00,-3.000000000000000000e+00,-3.000000000000000000e+00,-3.000000000000000000e+00,-3.000000000000000000e+00,-3.000000000000000000e+00,-3.000000000000000000e+00,-3.000000000000000000e+00,-3.000000000000000000e+00,-3.000000000000000000e+00,-3.000000000000000000e+00,-3.000000000000000000e+00,-3.000000000000000000e+00,-3.000000000000000000e+00,-3.000000000000000000e+00,-3.000000000000000000e+00
-3.156837289512772671e+01,-3.404193921760838037e+01,-3.735993583619559644e+01,-4.120354617188572632e+01,-4.541679235106565216e+01,-4.993794436775801415e+01,-5.476587971655550291e+01,-5.989882093716091305e+01,-6.532378879621838053e+01,-7.105238829273420720e+01,-7.714397643380723935e+01,-8.373354199877334736e+01,-9.113721160624388062e+01,-1.001847687247715157e+02,-1.102315624081661412e+02,-1.206107605919292496e+02,-1.313966869975702139e+02,-1.425334425451441405e+02,-3.000000000000000000e+00,-3.000000000000000000e+00,-3.000000000000000000e+00,-3.000000000000000000e+00,-3.000000000000000000e+00,-3.000000000000000000e+00,-3.000000000000000000e+00,-3.000000000000000000e+00,-3.000000000000000000e+00,-3.000000000000000000e+00,-3.000000000000000000e+00,-3.000000000000000000e+00,-3.000000000000000000e+00,-3.000000000000000000e+00,-3.000000000000000000e+00,-3.000000000000000000e+00,-3.000000000000000000e+00,-3.000000000000000000e+00,-3.000000000000000000e+00,-3.000000000000000000e+00,-3.000000000000000000e+00,-3.000000000000000000e+00,-3.000000000000000000e+00,-3.000000000000000000e+00,-3.000000000000000000e+00,-3.000000000000000000e+00,-3.000000000000000000e+00,-3.000000000000000000e+00,-3.000000000000000000e+00,-3.000000000000000000e+00,-3.000000000000000000e+00
-3.383393391237667203e+01,-3.637295441386448402e+01,-3.976360031837014475e+01,-4.368897596832186281e+01,-4.799698308702544125e+01,-5.262703415301206888e+01,-5.758338134386349338e+01,-6.287585915950564441e+01,-6.850198724702066500e+01,-7.449632391816152222e+01,-8.100166321697770400e+01,-8.836136042675481406e+01,-9.751097455724031704e+01,-1.074541057976856848e+02,-1.178908366497153395e+02,-1.287101752811066149e+02,-1.397237825660852764e+02,-3.000000000000000000e+00,-3.000000000000000000e+00,-3.000000000000000000e+00,-3.000000000000000000e+00,-3.000000000000000000e+00,-3.000000000000000000e+00,-3.000000000000000000e+00,-3.000000000000000000e+00,-3.000000000000000000e+00,-3.000000000000000000e+00,-3.000000000000000000e+00,-3.000000000000000000e+00,-3.000000000000000000e+00,-3.000000000000000000e+00,-3.000000000000000000e+00,-3.000000000000000000e+00,-3.000000000000000000e+00,-3.000000000000000000e+00,-3.000000000000000000e+00,-3.000000000000000000e+00,-3.000000000000000000e+00,-3.000000000000000000e+00,-3.000000000000000000e+00,-3.000000000000000000e+00,-3.000000000000000000e+00,-3.000000000000000000e+00,-3.000000000000000000e+00,-3.000000000000000000e+00,-3.000000000000000000e+00,-3.000000000000000000e+00,-3.000000000000000000e+00,-3.000000000000000000e+00
-3.618115562745121139e+01,-3.879528282045396992e+01,-4.226800625052312199e+01,-4.628620162044028774e+01,-5.070644285435989218e+01,-5.546847698610708477e+01,-6.057944898172597448e+01,-6.606420002875334774e+01,-7.194890615869516637e+01,-7.833728076037218102e+01,-8.555437403242619610e+01,-9.448816376139696160e+01,-1.044453391050257522e+02,-1.149228828385426198e+02,-1.256477011154366608e+02,-1.367064333197434394e+02,-3.000000000000000000e+00,-3.000000000000000000e+00,-3.000000000000000000e+00,-3.000000000000000000e+00,-3.000000000000000000e+00,-3.000000000000000000e+00,-3.000000000000000000e+00,-3.000000000000000000e+00,-3.000000000000000000e+00,-3.000000000000000000e+00,-3.000000000000000000e+00,-3.000000000000000000e+00,-3.000000000000000000e+00,-3.000000000000000000e+00,-3.000000000000000000e+00,-3.000000000000000000e+00,-3.000000000000000000e+00,-3.000000000000000000e+00,-3.000000000000000000e+00,-3.000000000000000000e+00,-3.000000000000000000e+00,-3.000000000000000000e+00,-3.000000000000000000e+00,-3.000000000000000000e+00,-3.000000000000000000e+00,-3.000000000000000000e+00,-3.000000000000000000e+00,-3.000000000000000000e+00,-3.000000000000000000e+00,-3.000000000000000000e+00,-3.000000000000000000e+00,-3.000000000000000000e+00,-3.000000000000000000e+00
-3.862274321604034100e+01,-4.132248974532929253e+01,-4.488977965320356134e+01,-4.902009361214983585e+01,-5.357651915377130081e+01,-5.850296494057837293e+01,-6.381240371550893542e+01,-6.955250664088384838e+01,-7.582549268278046384e+01,-8.291151700616376274e+01,-9.154307164314643330e+01,-1.012980792344800562e+02,-1.116028830420264626e+02,-1.223768444888709439e+02,-1.331642720526942298e+02,-3.000000000000000000e+00,-3.000000000000000000e+00,-3.000000000000000000e+00,-3.000000000000000000e+00,-3.000000000000000000e+00,-3.000000000000000000e+00,-3.000000000000000000e+00,-3.000000000000000000e+00,-3.000000000000000000e+00,-3.000000000000000000e+00,-3.000000000000000000e+00,-3.000000000000000000e+00,-3.000000000000000000e+00,-3.000000000000000000e+00,-3.000000000000000000e+00,-3.000000000000000000e+00,-3.000000000000000000e+00,-3.000000000000000000e+00,-3.000000000000000000e+00,-3.000000000000000000e+00,-3.000000000000000000e+00,-3.000000000000000000e+00,-3.000000000000000000e+00,-3.000000000000000000e+00,-3.000000000000000000e+00,-3.000000000000000000e+00,-3.000000000000000000e+00,-3.000000000000000000e+00,-3.000000000000000000e+00,-3.000000000000000000e+00,-3.000000000000000000e+00,-3.000000000000000000e+00,-3.000000000000000000e+00,-3.000000000000000000e+00
-4.117421351495591608e+01,-4.397494123224195306e+01,-4.765922627926673272e+01,-5.192586429550541283e+01,-5.664339985228074426e+01,-6.177053157423262064e+01,-6.734934887590569019e+01,-7.349630818705200852e+01,-8.047422641213698569e+01,-8.895378709723048871e+01,-9.836526777606087535e+01,-1.084401690662061668e+02,-1.189202825907660497e+02,-1.296935040953715657e+02,-3.000000000000000000e+00,-3.000000000000000000e+00,-3.000000000000000000e+00,-3.000000000000000000e+00,-3.000000000000000000e+00,-3.000000000000000000e+00,-3.000000000000000000e+00,-3.000000000000000000e+00,-3.000000000000000000e+00,-3.000000000000000000e+00,-3.000000000000000000e+00,-3.000000000000000000e+00,-3.000000000000000000e+00,-3.000000000000000000e+00,-3.000000000000000000e+00,-3.000000000000000000e+00,-3.000000000000000000e+00,-3.000000000000000000e+00,-3.000000000000000000e+00,-3.000000000000000000e+00,-3.000000000000000000e+00,-3.000000000000000000e+00,-3.000000000000000000e+00,-3.000000000000000000e+00,-3.000000000000000000e+00,-3.000000000000000000e+00,-3.000000000000000000e+00,-3.000000000000000000e+00,-3.000000000000000000e+00,-3.000000000000000000e+00,-3.000000000000000000e+00,-3.000000000000000000e+00,-3.000000000000000000e+00,-3.000000000000000000e+00,-3.000000000000000000e+00
-4.384690042897283746e+01,-4.676421635700734925e+01,-5.058853082675897639e+01,-5.502224454328886338e+01,-5.994104079309402522e+01,-6.532527991743327789e+01,-7.130021181816384512e+01,-7.818223637081385391e+01,-8.667838269276522567e+01,-9.583746368845235963e+01,-1.055703804212051296e+02,-1.159671515910223860e+02,-1.264283750406530800e+02,-3.000000000000000000e+00,-3.000000000000000000e+00,-3.000000000000000000e+00,-3.000000000000000000e+00,-3.000000000000000000e+00,-3.000000000000000000e+00,-3.000000000000000000e+00,-3.000000000000000000e+00,-3.000000000000000000e+00,-3.000000000000000000e+00,-3.000000000000000000e+00,-3.000000000000000000e+00,-3.000000000000000000e+00,-3.000000000000000000e+00,-3.000000000000000000e+00,-3.000000000000000000e+00,-3.000000000000000000e+00,-3.000000000000000000e+00,-3.000000000000000000e+00,-3.000000000000000000e+00,-3.000000000000000000e+00,-3.000000000000000000e+00,-3.000000000000000000e+00,-3.000000000000000000e+00,-3.000000000000000000e+00,-3.000000000000000000e+00,-3.000000000000000000e+00,-3.000000000000000000e+00,-3.000000000000000000e+00,-3.000000000000000000e+00,-3.000000000000000000e+00,-3.000000000000000000e+00,-3.000000000000000000e+00,-3.000000000000000000e+00,-3.000000000000000000e+00,-3.000000000000000000e+00
-4.664987396488555760e+01,-4.970110974417074345e+01,-5.368787880028239101e+01,-5.832527677096429386e+01,-6.351094599762409842e+01,-6.928465911187097959e+01,-7.594285634595642875e+01,-8.429747816600561805e+01,-9.344642127987498270e+01,-1.030559328399527033e+02,-1.130337169968701829e+02,-1.236181072510424741e+02,-1.346511989508282454e+02,-3.000000000000000000e+00,-3.000000000000000000e+00,-3.000000000000000000e+00,-3.000000000000000000e+00,-3.000000000000000000e+00,-3.000000000000000000e+00,-3.000000000000000000e+00,-3.000000000000000000e+00,-3.000000000000000000e+00,-3.000000000000000000e+00,-3.000000000000000000e+00,-3.000000000000000000e+00,-3.000000000000000000e+00,-3.000000000000000000e+00,-3.000000000000000000e+00,-3.000000000000000000e+00,-3.000000000000000000e+00,-3.000000000000000000e+00,-3.000000000000000000e+00,-3.000000000000000000e+00,-3.000000000000000000e+00,-3.000000000000000000e+00,-3.000000000000000000e+00,-3.000000000000000000e+00,-3.000000000000000000e+00,-3.000000000000000000e+00,-3.000000000000000000e+00,-3.000000000000000000e+00,-3.000000000000000000e+00,-3.000000000000000000e+00,-3.000000000000000000e+00,-3.000000000000000000e+00,-3.000000000000000000e+00,-3.000000000000000000e+00,-3.000000000000000000e+00,-3.000000000000000000e+00
-4.960053013429792657e+01,-5.281179608306550932e+01,-5.699201335820141878e+01,-6.188469690047080007e+01,-6.746577198352539995e+01,-7.393902781720328221e+01,-8.192120888872673845e+01,-9.153427548484387444e+01,-1.013048398916725006e+02,-1.109006855368853195e+02,-1.208644781009160454e+02,-1.317903593231673085e+02,-3.000000000000000000e+00,-3.000000000000000000e+00,-3.000000000000000000e+00,-3.000000000000000000e+00,-3.000000000000000000e+00,-3.000000000000000000e+00,-3.000000000000000000e+00,-3.000000000000000000e+00,-3.000000000000000000e+00,-3.000000000000000000e+00,-3.000000000000000000e+00,-3.000000000000000000e+00,-3.000000000000000000e+00,-3.000000000000000000e+00,-3.000000000000000000e+00,-3.000000000000000000e+00,-3.000000000000000000e+00,-3.000000000000000000e+00,-3.000000000000000000e+00,-3.000000000000000000e+00,-3.000000000000000000e+00,-3.000000000000000000e+00,-3.000000000000000000e+00,-3.000000000000000000e+00,-3.000000000000000000e+00,-3.000000000000000000e+00,-3.000000000000000000e+00,-3.000000000000000000e+00,-3.000000000000000000e+00,-3.000000000000000000e+00,-3.000000000000000000e+00,-3.000000000000000000e+00,-3.000000000000000000e+00,-3.000000000000000000e+00,-3.000000000000000000e+00,-3.000000000000000000e+00,-3.000000000000000000e+00
-5.273052350018659951e+01,-5.613568066720932137e+01,-6.056976096098659923e+01,-6.584764951041100289e+01,-7.211368350122850757e+01,-7.992123454533914639e+01,-9.152796768341542588e+01,-1.002425525945696165e+02,-1.093117983388344783e+02,-1.188819335772430748e+02,-1.292600354164207772e+02,-3.000000000000000000e+00,-3.000000000000000000e+00,-3.000000000000000000e+00,-3.000000000000000000e+00,-3.000000000000000000e+00,-3.000000000000000000e+00,-3.000000000000000000e+00,-3.000000000000000000e+00,-3.000000000000000000e+00,-3.000000000000000000e+00,-3.000000000000000000e+00,-3.000000000000000000e+00,-3.000000000000000000e+00,-3.000000000000000000e+00,-3.000000000000000000e+00,-3.000000000000000000e+00,-3.000000000000000000e+00,-3.000000000000000000e+00,-3.000000000000000000e+00,-3.000000000000000000e+00,-3.000000000000000000e+00,-3.000000000000000000e+00,-3.000000000000000000e+00,-3.000000000000000000e+00,-3.000000000000000000e+00,-3.000000000000000000e+00,-3.000000000000000000e+00,-3.000000000000000000e+00,-3.000000000000000000e+00,-3.000000000000000000e+00,-3.000000000000000000e+00,-3.000000000000000000e+00,-3.000000000000000000e+00,-3.000000000000000000e+00,-3.000000000000000000e+00,-3.000000000000000000e+00,-3.000000000000000000e+00,-3.000000000000000000e+00
-5.608372249956510558e+01,-5.973285423016377393e+01,-6.454186157875511753e+01,-7.052472518381745203e+01,-7.819759890179203410e+01,-8.711571132573909892e+01,-9.784543088277888501e+01,-1.075557660529513129e+02,-1.172832271317472816e+02,-1.274069906573562179e+02,-3.000000000000000000e+00,-3.000000000000000000e+00,-3.000000000000000000e+00,-3.000000000000000000e+00,-3.000000000000000000e+00,-3.000000000000000000e+00,-3.000000000000000000e+00,-3.000000000000000000e+00,-3.000000000000000000e+00,-3.000000000000000000e+00,-3.000000000000000000e+00,-3.000000000000000000e+00,-3.000000000000000000e+00,-3.000000000000000000e+00,-3.000000000000000000e+00,-3.000000000000000000e+00,-3.000000000000000000e+00,-3.000000000000000000e+00,-3.000000000000000000e+00,-3.000000000000000000e+00,-3.000000000000000000e+00,-3.000000000000000000e+00,-3.000000000000000000e+00,-3.000000000000000000e+00,-3.000000000000000000e+00,-3.000000000000000000e+00,-3.000000000000000000e+00,-3.000000000000000000e+00,-3.000000000000000000e+00,-3.000000000000000000e+00,-3.000000000000000000e+00,-3.000000000000000000e+00,-3.000000000000000000e+00,-3.000000000000000000e+00,-3.000000000000000000e+00,-3.000000000000000000e+00,-3.000000000000000000e+00,-3.000000000000000000e+00,-3.000000000000000000e+00
-5.970103716950247730e+01,-6.373368117671682143e+01,-6.920514777892809377e+01,-7.665330677314022978e+01,-8.548771821273716398e+01,-9.485399469024385155e+01,-1.045003415045254798e+02,-1.150297095275646910e+02,-1.258325727477669602e+02,-3.000000000000000000e+00,-3.000000000000000000e+00,-3.000000000000000000e+00,-3.000000000000000000e+00,-3.000000000000000000e+00,-3.000000000000000000e+00,-3.000000000000000000e+00,-3.000000000000000000e+00,-3.000000000000000000e+00,-3.000000000000000000e+00,-3.000000000000000000e+00,-3.000000000000000000e+00,-3.000000000000000000e+00,-3.000000000000000000e+00,-3.000000000000000000e+00,-3.000000000000000000e+00,-3.000000000000000000e+00,-3.000000000000000000e+00,-3.000000000000000000e+00,-3.000000000000000000e+00,-3.000000000000000000e+00,-3.000000000000000000e+00,-3.000000000000000000e+00,-3.000000000000000000e+00,-3.000000000000000000e+00,-3.000000000000000000e+00,-3.000000000000000000e+00,-3.000000000000000000e+00,-3.000000000000000000e+00,-3.000000000000000000e+00,-3.000000000000000000e+00,-3.000000000000000000e+00,-3.000000000000000000e+00,-3.000000000000000000e+00,-3.000000000000000000e+00,-3.000000000000000000e+00,-3.000000000000000000e+00,-3.000000000000000000e+00,-3.000000000000000000e+00,-3.000000000000000000e+00
-6.368357395530851051e+01,-6.841662928790201192e+01,-7.525619421538605991e+01,-8.350146028975640888e+01,-9.233481356242391769e+01,-1.019191044304858167e+02,-1.115707238275161330e+02,-1.224818263249358097e+02,-3.000000000000000000e+00,-3.000000000000000000e+00,-3.000000000000000000e+00,-3.000000000000000000e+00,-3.000000000000000000e+00,-3.000000000000000000e+00,-3.000000000000000000e+00,-3.000000000000000000e+00,-3.000000000000000000e+00,-3.000000000000000000e+00,-3.000000000000000000e+00,-3.000000000000000000e+00,-3.000000000000000000e+00,-3.000000000000000000e+00,-3.000000000000000000e+00,-3.000000000000000000e+00,-3.000000000000000000e+00,-3.000000000000000000e+00,-3.000000000000000000e+00,-3.000000000000000000e+00,-3.000000000000000000e+00,-3.000000000000000000e+00,-3.000000000000000000e+00,-3.000000000000000000e+00,-3.000000000000000000e+00,-3.000000000000000000e+00,-3.000000000000000000e+00,-3.000000000000000000e+00,-3.000000000000000000e+00,-3.000000000000000000e+00,-3.000000000000000000e+00,-3.000000000000000000e+00,-3.000000000000000000e+00,-3.000000000000000000e+00,-3.000000000000000000e+00,-3.000000000000000000e+00,-3.000000000000000000e+00,-3.000000000000000000e+00,-3.000000000000000000e+00,-3.000000000000000000e+00,-3.000000000000000000e+00
-6.839296056477822106e+01,-7.436900179215301421e+01,-8.197568104718716597e+01,-9.085656999545429358e+01,-9.978174843505745173e+01,-1.094362218325279201e+02,-1.196782479820237768e+02,-3.000000000000000000e+00,-3.000000000000000000e+00,-3.000000000000000000e+00,-3.000000000000000000e+00,-3.000000000000000000e+00,-3.000000000000000000e+00,-3.000000000000000000e+00,-3.000000000000000000e+00,-3.000000000000000000e+00,-3.000000000000000000e+00,-3.000000000000000000e+00,-3.000000000000000000e+00,-3.000000000000000000e+00,-3.000000000000000000e+00,-3.000000000000000000e+00,-3.000000000000000000e+00,-3.000000000000000000e+00,-3.000000000000000000e+00,-3.000000000000000000e+00,-3.000000000000000000e+00,-3.000000000000000000e+00,-3.000000000000000000e+00,-3.000000000000000000e+00,-3.000000000000000000e+00,-3.000000000000000000e+00,-3.000000000000000000e+00,-3.000000000000000000e+00,-3.000000000000000000e+00,-3.000000000000000000e+00,-3.000000000000000000e+00,-3.000000000000000000e+00,-3.000000000000000000e+00,-3.000000000000000000e+00,-3.000000000000000000e+00,-3.000000000000000000e+00,-3.000000000000000000e+00,-3.000000000000000000e+00,-3.000000000000000000e+00,-3.000000000000000000e+00,-3.000000000000000000e+00,-3.000000000000000000e+00,-3.000000000000000000e+00
-7.466306407382984389e+01,-8.182005442010999730e+01,-8.968961853448000454e+01,-9.923285983474426075e+01,-1.077764984704609930e+02,-1.175657928648262498e+02,-1.281447925528114240e+02,-3.000000000000000000e+00,-3.000000000000000000e+00,-3.000000000000000000e+00,-3.000000000000000000e+00,-3.000000000000000000e+00,-3.000000000000000000e+00,-3.000000000000000000e+00,-3.000000000000000000e+00,-3.000000000000000000e+00,-3.000000000000000000e+00,-3.000000000000000000e+00,-3.000000000000000000e+00,-3.000000000000000000e+00,-3.000000000000000000e+00,-3.000000000000000000e+00,-3.000000000000000000e+00,-3.000000000000000000e+00,-3.000000000000000000e+00,-3.000000000000000000e+00,-3.000000000000000000e+00,-3.000000000000000000e+00,-3.000000000000000000e+00,-3.000000000000000000e+00,-3.000000000000000000e+00,-3.000000000000000000e+00,-3.000000000000000000e+00,-3.000000000000000000e+00,-3.000000000000000000e+00,-3.000000000000000000e+00,-3.000000000000000000e+00,-3.000000000000000000e+00,-3.000000000000000000e+00,-3.000000000000000000e+00,-3.000000000000000000e+00,-3.000000000000000000e+00,-3.000000000000000000e+00,-3.000000000000000000e+00,-3.000000000000000000e+00,-3.000000000000000000e+00,-3.000000000000000000e+00,-3.000000000000000000e+00,-3.000000000000000000e+00
-8.384322249262012861e+01,-9.087337889682522984e+01,-9.851126380431207963e+01,-1.073778530331029373e+02,-1.159651856551415676e+02,-1.265253354502658709e+02,-3.000000000000000000e+00,-3.000000000000000000e+00,-3.000000000000000000e+00,-3.000000000000000000e+00,-3.000000000000000000e+00,-3.000000000000000000e+00,-3.000000000000000000e+00,-3.000000000000000000e+00,-3.000000000000000000e+00,-3.000000000000000000e+00,-3.000000000000000000e+00,-3.000000000000000000e+00,-3.000000000000000000e+00,-3.000000000000000000e+00,-3.000000000000000000e+00,-3.000000000000000000e+00,-3.000000000000000000e+00,-3.000000000000000000e+00,-3.000000000000000000e+00,-3.000000000000000000e+00,-3.000000000000000000e+00,-3.000000000000000000e+00,-3.000000000000000000e+00,-3.000000000000000000e+00,-3.000000000000000000e+00,-3.000000000000000000e+00,-3.000000000000000000e+00,-3.000000000000000000e+00,-3.000000000000000000e+00,-3.000000000000000000e+00,-3.000000000000000000e+00,-3.000000000000000000e+00,-3.000000000000000000e+00,-3.000000000000000000e+00,-3.000000000000000000e+00,-3.000000000000000000e+00,-3.000000000000000000e+00,-3.000000000000000000e+00,-3.000000000000000000e+00,-3.000000000000000000e+00,-3.000000000000000000e+00,-3.000000000000000000e+00,-3.000000000000000000e+00
-9.142505613696515354e+01,-9.944793485198132998e+01,-1.073426129897687389e+02,-1.157457696250606460e+02,-1.243310237848183561e+02,-3.000000000000000000e+00,-3.000000000000000000e+00,-3.000000000000000000e+00,-3.000000000000000000e+00,-3.000000000000000000e+00,-3.000000000000000000e+00,-3.000000000000000000e+00,-3.000000000000000000e+00,-3.000000000000000000e+00,-3.000000000000000000e+00,-3.000000000000000000e+00,-3.000000000000000000e+00,-3.000000000000000000e+00,-3.000000000000000000e+00,-3.000000000000000000e+00,-3.000000000000000000e+00,-3.000000000000000000e+00,-3.000000000000000000e+00,-3.000000000000000000e+00,-3.000000000000000000e+00,-3.000000000000000000e+00,-3.000000000000000000e+00,-3.000000000000000000e+00,-3.000000000000000000e+00,-3.000000000000000000e+00,-3.000000000000000000e+00,-3.000000000000000000e+00,-3.000000000000000000e+00,-3.000000000000000000e+00,-3.000000000000000000e+00,-3.000000000000000000e+00,-3.000000000000000000e+00,-3.000000000000000000e+00,-3.000000000000000000e+00,-3.000000000000000000e+00,-3.000000000000000000e+00,-3.000000000000000000e+00,-3.000000000000000000e+00,-3.000000000000000000e+00,-3.000000000000000000e+00,-3.000000000000000000e+00,-3.000000000000000000e+00,-3.000000000000000000e+00,-3.000000000000000000e+00
-9.886204135251088587e+01,-1.074355574405335574e+02,-1.159954672036074186e+02,-1.248082820523085132e+02,-3.000000000000000000e+00,-3.000000000000000000e+00,-3.000000000000000000e+00,-3.000000000000000000e+00,-3.000000000000000000e+00,-3.000000000000000000e+00,-3.000000000000000000e+00,-3.000000000000000000e+00,-3.000000000000000000e+00,-3.000000000000000000e+00,-3.000000000000000000e+00,-3.000000000000000000e+00,-3.000000000000000000e+00,-3.000000000000000000e+00,-3.000000000000000000e+00,-3.000000000000000000e+00,-3.000000000000000000e+00,-3.000000000000000000e+00,-3.000000000000000000e+00,-3.000000000000000000e+00,-3.000000000000000000e+00,-3.000000000000000000e+00,-3.000000000000000000e+00,-3.000000000000000000e+00,-3.000000000000000000e+00,-3.000000000000000000e+00,-3.000000000000000000e+00,-3.000000000000000000e+00,-3.000000000000000000e+00,-3.000000000000000000e+00,-3.000000000000000000e+00,-3.000000000000000000e+00,-3.000000000000000000e+00,-3.000000000000000000e+00,-3.000000000000000000e+00,-3.000000000000000000e+00,-3.000000000000000000e+00,-3.000000000000000000e+00,-3.000000000000000000e+00,-3.000000000000000000e+00,-3.000000000000000000e+00,-3.000000000000000000e+00,-3.000000000000000000e+00,-3.000000000000000000e+00,-3.000000000000000000e+00
-1.067537779903781114e+02,-1.156851886606851849e+02,-1.248213567968821565e+02,-3.000000000000000000e+00,-3.000000000000000000e+00,-3.000000000000000000e+00,-3.000000000000000000e+00,-3.000000000000000000e+00,-3.000000000000000000e+00,-3.000000000000000000e+00,-3.000000000000000000e+00,-3.000000000000000000e+00,-3.000000000000000000e+00,-3.000000000000000000e+00,-3.000000000000000000e+00,-3.000000000000000000e+00,-3.000000000000000000e+00,-3.000000000000000000e+00,-3.000000000000000000e+00,-3.000000000000000000e+00,-3.000000000000000000e+00,-3.000000000000000000e+00,-3.000000000000000000e+00,-3.000000000000000000e+00,-3.000000000000000000e+00,-3.000000000000000000e+00,-3.000000000000000000e+00,-3.000000000000000000e+00,-3.000000000000000000e+00,-3.000000000000000000e+00,-3.000000000000000000e+00,-3.000000000000000000e+00,-3.000000000000000000e+00,-3.000000000000000000e+00,-3.000000000000000000e+00,-3.000000000000000000e+00,-3.000000000000000000e+00,-3.000000000000000000e+00,-3.000000000000000000e+00,-3.000000000000000000e+00,-3.000000000000000000e+00,-3.000000000000000000e+00,-3.000000000000000000e+00,-3.000000000000000000e+00,-3.000000000000000000e+00,-3.000000000000000000e+00,-3.000000000000000000e+00,-3.000000000000000000e+00,-3.000000000000000000e+00
-1.149284500230503596e+02,-1.238318592377324308e+02,-3.000000000000000000e+00,-3.000000000000000000e+00,-3.000000000000000000e+00,-3.000000000000000000e+00,-3.000000000000000000e+00,-3.000000000000000000e+00,-3.000000000000000000e+00,-3.000000000000000000e+00,-3.000000000000000000e+00,-3.000000000000000000e+00,-3.000000000000000000e+00,-3.000000000000000000e+00,-3.000000000000000000e+00,-3.000000000000000000e+00,-3.000000000000000000e+00,-3.000000000000000000e+00,-3.000000000000000000e+00,-3.000000000000000000e+00,-3.000000000000000000e+00,-3.000000000000000000e+00,-3.000000000000000000e+00,-3.000000000000000000e+00,-3.000000000000000000e+00,-3.000000000000000000e+00,-3.000000000000000000e+00,-3.000000000000000000e+00,-3.000000000000000000e+00,-3.000000000000000000e+00,-3.000000000000000000e+00,-3.000000000000000000e+00,-3.000000000000000000e+00,-3.000000000000000000e+00,-3.000000000000000000e+00,-3.000000000000000000e+00,-3.000000000000000000e+00,-3.000000000000000000e+00,-3.000000000000000000e+00,-3.000000000000000000e+00,-3.000000000000000000e+00,-3.000000000000000000e+00,-3.000000000000000000e+00,-3.000000000000000000e+00,-3.000000000000000000e+00,-3.000000000000000000e+00,-3.000000000000000000e+00,-3.000000000000000000e+00,-3.000000000000000000e+00
-1.232633842828558812e+02,-3.000000000000000000e+00,-3.000000000000000000e+00,-3.000000000000000000e+00,-3.000000000000000000e+00,-3.000000000000000000e+00,-3.000000000000000000e+00,-3.000000000000000000e+00,-3.000000000000000000e+00,-3.000000000000000000e+00,-3.000000000000000000e+00,-3.000000000000000000e+00,-3.000000000000000000e+00,-3.000000000000000000e+00,-3.000000000000000000e+00,-3.000000000000000000e+00,-3.000000000000000000e+00,-3.000000000000000000e+00,-3.000000000000000000e+00,-3.000000000000000000e+00,-3.000000000000000000e+00,-3.000000000000000000e+00,-3.000000000000000000e+00,-3.000000000000000000e+00,-3.000000000000000000e+00,-3.000000000000000000e+00,-3.000000000000000000e+00,-3.000000000000000000e+00,-3.000000000000000000e+00,-3.000000000000000000e+00,-3.000000000000000000e+00,-3.000000000000000000e+00,-3.000000000000000000e+00,-3.000000000000000000e+00,-3.000000000000000000e+00,-3.000000000000000000e+00,-3.000000000000000000e+00,-3.000000000000000000e+00,-3.000000000000000000e+00,-3.000000000000000000e+00,-3.000000000000000000e+00,-3.000000000000000000e+00,-3.000000000000000000e+00,-3.000000000000000000e+00,-3.000000000000000000e+00,-3.000000000000000000e+00,-3.000000000000000000e+00,-3.000000000000000000e+00,-3.000000000000000000e+00
-1.319161028563519267e+02,-3.000000000000000000e+00,-3.000000000000000000e+00,-3.000000000000000000e+00,-3.000000000000000000e+00,-3.000000000000000000e+00,-3.000000000000000000e+00,-3.000000000000000000e+00,-3.000000000000000000e+00,-3.000000000000000000e+00,-3.000000000000000000e+00,-3.000000000000000000e+00,-3.000000000000000000e+00,-3.000000000000000000e+00,-3.000000000000000000e+00,-3.000000000000000000e+00,-3.000000000000000000e+00,-3.000000000000000000e+00,-3.000000000000000000e+00,-3.000000000000000000e+00,-3.000000000000000000e+00,-3.000000000000000000e+00,-3.000000000000000000e+00,-3.000000000000000000e+00,-3.000000000000000000e+00,-3.000000000000000000e+00,-3.000000000000000000e+00,-3.000000000000000000e+00,-3.000000000000000000e+00,-3.000000000000000000e+00,-3.000000000000000000e+00,-3.000000000000000000e+00,-3.000000000000000000e+00,-3.000000000000000000e+00,-3.000000000000000000e+00,-3.000000000000000000e+00,-3.000000000000000000e+00,-3.000000000000000000e+00,-3.000000000000000000e+00,-3.000000000000000000e+00,-3.000000000000000000e+00,-3.000000000000000000e+00,-3.000000000000000000e+00,-3.000000000000000000e+00,-3.000000000000000000e+00,-3.000000000000000000e+00,-3.000000000000000000e+00,-3.000000000000000000e+00,-3.000000000000000000e+00
