Pressure,1_0_000_q,1_0_000_e,1_1_250_q,1_1_250_e,2_0_000_q,2_0_000_e,2_1_031_q,2_1_031_e,2_2_062_q,2_2_062_e,2_3_094_q,2_3_094_e,2_4_125_q,2_4_125_e,2_5_156_q,2_5_156_e,2_6_188_q,2_6_188_e,2_7_219_q,2_7_219_e,3_10_093_q,3_10_093_e,3_12_111_q,3_12_111_e,3_14_130_q,3_14_130_e,3_16_148_q,3_16_148_e,3_18_167_q,3_18_167_e,3_1_009_q,3_1_009_e,3_22_204_q,3_22_204_e,3_2_019_q,3_2_019_e,3_3_028_q,3_3_028_e,3_4_037_q,3_4_037_e,3_6_056_q,3_6_056_e
0.0001,0.108939,0.00401096,0.0004744218,5.716907e-05,0.1076251,0.006233396,0.09397293,0.002917674,0.08463464,0.003448845,0.07005746,0.00201189,0.05894116,0.002537227,0.05595423,0.003658804,0.05031725,0.00371698,0.04112672,0.001750924,0.067634008,0.011055589,0.055830118,0.005236443,0.061898254,0.021043673,0.045324305,0.009400705,0.053147035,0.012816955,0.090087133,0.00522605,0.044990402,0.012395708,0.090176892,0.013898976,0.087077565,0.009120596,0.082079152,0.012428088,0.075117363,0.002733184
0.0005,0.3747604,0.01176519,0.002664927,0.0001444638,0.3744053,0.01325899,0.3298363,0.004382654,0.2936864,0.007818237,0.2446725,0.0113256,0.2059465,0.005575057,0.2021626,0.006558453,0.1865129,0.01120679,0.1571316,0.007039267,0.230218858,0.041493809,0.183972776,0.019364095,0.195730904,0.009475013,0.167065016,0.026500782,0.161279871,0.034177384,0.308464349,0.008937295,0.135693445,0.03450315,0.293146762,0.011785668,0.286146547,0.008163621,0.279741384,0.010303104,0.249399575,0.019544701
0.001,0.6119322,0.009889071,0.005121503,0.0004915617,0.6079119,0.0201632,0.5264009,0.01414908,0.467993,0.02363976,0.3881081,0.02048899,0.3264142,0.0127804,0.3216096,0.01711133,0.3081102,0.007949621,0.2506577,0.009314157,0.365176179,0.035164505,0.296610349,0.007529585,0.298541308,0.014180426,0.251183515,0.018589806,0.278381262,0.018179467,0.475018277,0.029142181,0.211134768,0.035858456,0.45666964,0.022386293,0.436704241,0.018566126,0.43286915,0.027929445,0.391780611,0.023178204
0.005,2.367417,0.05015241,0.02582713,0.001776521,2.347043,0.03003455,2.054405,0.06305932,1.778727,0.05279687,1.437313,0.07429924,1.240238,0.08990191,1.108042,0.02852933,1.15482,0.06400227,0.934983,0.1000241,1.065812036,0.046128233,0.897910121,0.06620911,0.837730333,0.077988703,0.740695465,0.039873645,0.795357698,0.04979067,1.491215451,0.048272841,0.537859084,0.023740618,1.412318536,0.020280086,1.368525025,0.044618111,1.293999292,0.033332835,1.185434531,0.049492154
0.01,3.196964,0.05848474,0.05125164,0.002770501,3.21388,0.02735201,2.853759,0.04990956,2.521315,0.02608055,2.141115,0.02347235,1.85885,0.07242853,1.771272,0.09373818,1.703478,0.0225511,1.379206,0.06606628,1.842488262,0.065181356,1.55568533,0.082880933,1.542844237,0.072432332,1.302054615,0.132059611,1.298916347,0.088676381,2.471310983,0.082297308,0.976858127,0.075980781,2.434361088,0.056084464,2.289393214,0.077873004,2.257823522,0.06146247,2.02536011,0.082337518
0.05,4.090289,0.03722637,0.2295413,0.007813093,4.108116,0.0624203,3.705094,0.03531555,3.285392,0.03962217,2.893536,0.02610151,2.561881,0.03065362,2.49784,0.02236223,2.452708,0.03001139,2.035993,0.02813489,2.993521732,0.030598114,2.599529239,0.049566649,2.580222792,0.042268654,2.288894576,0.100482387,2.377254835,0.044272632,3.740628517,0.025035818,1.926939793,0.159397433,3.638678149,0.081482789,3.529682971,0.039357623,3.462744861,0.017487255,3.228254912,0.039811268
0.1,4.463808,0.03320799,0.4170309,0.0180456,4.495861,0.01805079,4.049777,0.06259488,3.665889,0.02958326,3.189941,0.06331546,2.832276,0.0489708,2.754596,0.03538338,2.703778,0.04432609,2.233306,0.02780279,3.261838684,0.068805939,2.926400544,0.056687102,2.879829782,0.068458438,2.575402942,0.057662284,2.632954393,0.091004041,4.090911649,0.033971429,2.131177409,0.048419923,3.998962487,0.039124884,3.887893383,0.051549281,3.824780427,0.074052339,3.560355475,0.032744499
0.2,4.869565,0.0527265,0.7258358,0.009486166,4.918002,0.08576594,4.504565,0.03294301,4.116092,0.02386904,3.586712,0.03679113,3.209653,0.04669315,3.080879,0.04426789,3.004868,0.05359099,2.556997,0.06009676,3.588796691,0.009686769,3.226218774,0.09262719,3.167042961,0.094421918,2.85230104,0.053880297,2.916516488,0.049596088,4.487494558,0.028629482,2.434204397,0.065782128,4.382345791,0.05417709,4.254839932,0.060170973,4.169585668,0.034731257,3.912776618,0.040883772
0.3,5.216499,0.02661087,0.9796135,0.03054426,5.258837,0.02900036,4.832452,0.07124476,4.376127,0.05902438,3.827829,0.06858197,3.503999,0.03639515,3.379267,0.03070039,3.317594,0.04458677,2.81368,0.05531062,3.864865693,0.059416699,3.473882626,0.077933271,3.38380298,0.094611828,3.033087281,0.054328338,3.116799237,0.090036014,4.751079926,0.048413152,2.612216852,0.074165566,4.605972962,0.116877003,4.542326186,0.047720805,4.421937074,0.039920781,4.146869585,0.048727018
0.4,5.606065,0.08827604,1.204261,0.03856709,5.562824,0.07701095,5.066562,0.02484685,4.646283,0.02672088,4.078529,0.03219603,3.683115,0.03633906,3.49029,0.04841547,3.450268,0.08542696,2.962594,0.01217178,4.053989537,0.102982549,3.654926298,0.074654404,3.562412823,0.102628765,3.212005153,0.029852418,3.321591894,0.097878574,4.935019036,0.050830162,2.772507093,0.085272197,4.805623746,0.047573003,4.719250449,0.057416506,4.577197971,0.098400765,4.367197555,0.078240576
0.5,5.829811,0.03727884,1.405277,0.05464718,5.881955,0.03027953,5.328039,0.04596593,4.851608,0.04595809,4.313329,0.04234566,3.875008,0.0856123,3.728059,0.02889722,3.62374,0.04455161,3.11317,0.02835726,4.176307375,0.060569818,3.819994124,0.097675523,3.686105442,0.045599036,3.374121301,0.088425072,3.451097363,0.129953566,5.122875088,0.028650809,2.896635848,0.095117131,4.997762346,0.03986369,4.88279546,0.070337398,4.768773896,0.063521985,4.533237541,0.053043593
0.6,6.039795,0.08865229,1.57994,0.01830183,6.109528,0.06415616,5.542341,0.03261823,5.104503,0.06369178,4.460562,0.04795426,4.109503,0.06725194,3.871193,0.041153,3.74958,0.05573188,3.321287,0.1151784,4.30009718,0.056048887,3.942568,0.100758536,3.806356513,0.121476225,3.529889345,0.030545402,3.534047175,0.121868301,5.27731282,0.065938085,2.985989135,0.041521291,5.132839645,0.083613992,5.054988043,0.027451504,4.943302229,0.075090535,4.650007095,0.071399707
0.7,6.350445,0.1136835,1.739312,0.03066567,6.408727,0.0675222,5.865717,0.04213242,5.306666,0.07845714,4.634215,0.02992272,4.193188,0.08049181,4.024144,0.05945139,3.836508,0.03353628,3.449528,0.02932526,4.453215037,0.050421237,4.035440089,0.054466881,3.930725068,0.077328318,3.597320428,0.131796978,3.622191419,0.131175109,5.402609212,0.053873523,3.128402873,0.07654355,5.275365786,0.025596305,5.15960057,0.088825023,5.034293628,0.080076668,4.795785289,0.050732368
0.8,6.573023,0.1176335,1.931761,0.06434492,6.613812,0.09831994,5.987897,0.04720396,5.498821,0.01733853,4.878493,0.08810073,4.438278,0.05452119,4.217091,0.08373284,4.094552,0.04788518,3.493186,0.1044327,4.540806668,0.07632912,4.111109579,0.104998283,4.031724044,0.070698654,3.707756003,0.057409856,3.734280058,0.081528108,5.527193943,0.027776106,3.213011661,0.150459367,5.394384501,0.04473566,5.265773934,0.055776018,5.181950207,0.057523844,4.925447273,0.045362387
0.9,6.850141,0.06011815,2.066928,0.0352538,6.839052,0.0681548,6.207042,0.03262899,5.707221,0.08057642,4.994812,0.06362339,4.538932,0.02105416,4.265807,0.05869899,4.17329,0.07329612,3.59549,0.06070543,4.648427404,0.049915219,4.252216701,0.101146695,4.125164978,0.057555457,3.810407836,0.126108179,3.842367909,0.130850457,5.648494539,0.077436629,3.335694091,0.075174553,5.547294823,0.078682088,5.380958623,0.049249435,5.281983337,0.095485204,4.995900407,0.103875035
1.0,7.053959,0.08906966,2.195633,0.0554805,7.073411,0.08185329,6.554518,0.04428656,5.832741,0.07231394,5.121006,0.03965281,4.731867,0.05686866,4.447981,0.1099295,4.285583,0.03891235,3.735452,0.04094598,4.763238677,0.121854771,4.371596892,0.028817054,4.232386004,0.11998771,3.894171849,0.138936043,3.90443224,0.122540272,5.776296898,0.049574372,3.368443075,0.077081529,5.639075443,0.077788193,5.524697581,0.051709161,5.392750504,0.096986922,5.094548402,0.05697193
2.0,8.317251,0.04955461,3.28302,0.04406485,8.304012,0.07160688,7.753656,0.0659326,7.033021,0.09261036,6.30553,0.05637794,5.77442,0.1377338,5.406168,0.0563293,5.191043,0.07795187,4.524753,0.05766301,5.570521796,0.162767631,5.099325677,0.102145004,4.943477126,0.145336793,4.584434249,0.139658625,4.644259099,0.088726944,6.786883849,0.073729875,3.928040342,0.117320403,6.615975297,0.186170209,6.49827849,0.098662487,6.342852102,0.103296696,6.053149214,0.117272682
3.0,8.831206,0.09350335,3.913471,0.07143911,8.833361,0.05198454,8.207338,0.133324,7.698563,0.05005339,6.91748,0.06717553,6.221959,0.03677471,5.922364,0.04968241,5.662466,0.1192418,5.088005,0.0799871,6.134771317,0.152894632,5.669648189,0.133105486,5.503184758,0.090162165,5.066531913,0.152383409,5.083065187,0.148113505,7.538150345,0.167902324,4.393488396,0.166380425,7.336426377,0.076539523,7.230035359,0.155834861,7.012210784,0.142297708,6.660880343,0.102037991
4.0,9.069236,0.04279619,4.331373,0.04483612,9.033009,0.02958718,8.446712,0.05547294,8.007042,0.05732809,7.200201,0.04389287,6.667695,0.0989417,6.09267,0.0604268,5.98894,0.08510181,5.404709,0.06172284,6.577893115,0.167508338,6.048516093,0.118205064,5.886160808,0.177155406,5.42751313,0.129892887,5.517234087,0.105835861,8.006456952,0.179251296,4.749365306,0.184447848,7.878715663,0.185506676,7.658723782,0.04559349,7.494794322,0.155504151,7.095966962,0.159447697
5.0,9.265915,0.04336041,4.723086,0.0733008,9.164558,0.02692261,8.588743,0.05595641,8.090003,0.03369572,7.409243,0.0575815,6.891062,0.05713058,6.360771,0.05195299,6.239536,0.06039263,5.60095,0.1261119,6.882585066,0.187997688,6.333203846,0.083848912,6.214099866,0.1821126,5.728695618,0.159299305,5.760804701,0.119774278,8.324793634,0.185710686,4.935956928,0.132455214,8.134884934,0.102905311,7.972381644,0.136388536,7.830893908,0.128923081,7.410327937,0.121756967
6.0,9.197982,0.0383438,5.05142,0.128226,9.223869,0.02746356,8.736764,0.08307581,8.216074,0.05492979,7.668139,0.05727527,6.980721,0.05385406,6.517481,0.04204842,6.43672,0.08762622,5.790488,0.0675534,7.125208895,0.177661623,6.523593354,0.0788151,6.459119495,0.172397718,5.908436089,0.081152309,5.989514553,0.112521392,8.558551819,0.179094147,5.207694208,0.124908713,8.376775744,0.131977781,8.194223935,0.129100514,8.041168996,0.2463908,7.666512578,0.172463372
7.0,9.306525,0.04789568,5.125575,0.0658247,9.293982,0.04618398,8.856118,0.02097191,8.2523,0.04585407,7.761897,0.0591287,7.197687,0.06802565,6.604484,0.09785166,6.535494,0.06701633,5.979606,0.08443013,7.321116645,0.100435214,6.76046779,0.102812264,6.62816334,0.182241964,6.098748228,0.137646691,6.146970783,0.158599661,8.702875321,0.128627112,5.389274933,0.087714931,8.515937067,0.175990826,8.342587027,0.172062322,8.227642399,0.195058595,7.83853728,0.083914045
8.0,9.385114,0.02585327,5.317613,0.04306626,9.334666,0.07197669,8.932579,0.0399669,8.453045,0.02890452,7.84839,0.05021504,7.282489,0.02829932,6.780118,0.06786556,6.598383,0.05142227,6.035456,0.05241729,7.444000383,0.153252983,6.895216259,0.147307672,6.787826466,0.187074756,6.238690579,0.171886649,6.288750959,0.24169384,8.819737296,0.101818595,5.539268841,0.144703662,8.625785617,0.115478641,8.468755366,0.134235342,8.338353408,0.174907472,8.004433131,0.186873542
9.0,9.343794,0.0577303,5.39584,0.1238505,9.30965,0.04787704,8.897565,0.08605461,8.527503,0.03985475,7.982365,0.02007693,7.359403,0.06169485,6.906048,0.0291904,6.691305,0.05700609,6.16143,0.02078495,7.56320624,0.160425337,7.040958709,0.069839031,6.867312617,0.140120541,6.379616103,0.150159532,6.469142058,0.13488472,8.844531217,0.194354168,5.690312066,0.1186598,8.781100679,0.108492795,8.670522742,0.096911292,8.507953802,0.045606124,8.07230945,0.195803019
10.0,9.4313,0.03825863,5.609178,0.05943879,9.395915,0.02303851,9.054207,0.06628096,8.545283,0.06643667,8.074457,0.06895803,7.495035,0.08933238,6.860184,0.05954618,6.777182,0.07039833,6.260602,0.05534589,7.678785946,0.093900242,7.132113281,0.131299237,7.035370847,0.188337628,6.522126612,0.159684069,6.553965158,0.154262017,8.828324934,0.339152485,5.779768582,0.218602089,8.803530715,0.129004663,8.641787316,0.131798045,8.522996002,0.170610656,8.18426139,0.134700426
20.0,9.554052,0.03841277,6.038947,0.1026061,9.497594,0.03510468,9.353953,0.04901007,9.039271,0.050911,8.800018,0.05219527,8.308585,0.05499293,7.520576,0.05314372,7.340541,0.04365732,6.946666,0.07319795,8.234385502,0.14570284,7.854673381,0.109191245,7.672226149,0.081980794,7.377419981,0.113704202,7.242317759,0.169796494,9.279804519,0.102044778,6.496901448,0.193364455,9.204537132,0.147701473,9.137311895,0.094734805,8.940124905,0.153918924,8.724326881,0.160318174
30.0,9.592962,0.03434954,6.208173,0.07863755,9.535,0.04254187,9.534684,0.01820717,9.318004,0.06771737,9.167798,0.05663095,8.736029,0.05789132,8.11989,0.03906868,7.777279,0.04932404,7.489567,0.05782566,8.553816253,0.178100548,8.40453895,0.162351032,8.131819841,0.113551928,7.88374488,0.093672294,7.675997763,0.137174022,9.434483867,0.143713988,7.003581453,0.076027031,9.361166763,0.164905901,9.300768628,0.110778807,9.209401695,0.092883604,9.055510713,0.121081056
40.0,9.643506,0.01721712,6.362513,0.0277389,9.659313,0.05453078,9.720422,0.09903835,9.47738,0.03146908,9.364299,0.08614319,9.148706,0.05773798,8.529055,0.07948893,8.276834,0.04098585,7.857197,0.0217047,8.70231254,0.318905922,8.740386323,0.151098923,8.381546207,0.098506979,8.381750226,0.125804722,7.950344761,0.129550802,9.491070738,0.137918553,7.363705952,0.19116814,9.468283351,0.150113314,9.471117423,0.133654485,9.323240966,0.120032075,9.228305027,0.141164098
50.0,9.644358,0.04877506,6.438041,0.05314342,9.688861,0.04173582,9.72652,0.1034832,9.605759,0.04585059,9.591811,0.03537968,9.363429,0.07005953,8.787816,0.08825816,8.654587,0.08171253,8.279766,0.04904946,9.028344728,0.143601015,9.06569047,0.080071213,8.677165739,0.08274176,8.723722513,0.107675204,8.225598763,0.184114311,9.570355833,0.098559996,7.668622155,0.092055759,9.565325937,0.123034853,9.563469279,0.109647,9.447616703,0.106972282,9.423115816,0.127378511
60.0,9.783144,0.042472,6.548439,0.04623786,9.736472,0.04265781,9.835001,0.01775349,9.679824,0.02377954,9.814686,0.05606061,9.569828,0.07846055,9.046114,0.03763786,8.783228,0.05610557,8.508604,0.04520168,9.213567467,0.106606504,9.308368907,0.133664655,8.866717272,0.104212896,9.013653275,0.189871242,8.462221267,0.197911499,9.664312483,0.113391505,8.012158857,0.134179409,9.632992408,0.107398363,9.643671747,0.133782446,9.531791451,0.13345704,9.534315451,0.11266366
70.0,9.821796,0.01842749,6.626612,0.04402531,9.903394,0.06837278,9.937873,0.0418933,9.813981,0.0278919,9.9481,0.05397632,9.76652,0.03796479,9.384745,0.0502707,8.963567,0.04719483,8.651141,0.1087633,9.350546352,0.135651136,9.464920777,0.128362389,9.009050237,0.144989396,9.296247998,0.190312139,8.669792819,0.056500262,9.653711653,0.142438274,8.24065028,0.085194867,9.664200341,0.114469423,9.729486956,0.094447828,9.608582148,0.12561034,9.625240163,0.125575785
80.0,9.714442,0.01158983,6.728303,0.01178184,9.703748,0.07730189,9.908099,0.03216559,9.921586,0.01543563,9.945183,0.06124062,9.849126,0.05398934,9.554981,0.06350633,9.085179,0.03746709,8.942555,0.1024589,9.467692709,0.142651682,9.589842647,0.130043446,9.164794391,0.210520764,9.425840149,0.125375391,8.850357578,0.127084005,9.715060422,0.093792485,8.406878635,0.139187716,9.777865911,0.069867833,9.725149799,0.077955244,9.659309418,0.099296675,9.68184743,0.153671871
90.0,9.814509,0.02521304,6.809401,0.01941779,9.829617,0.01769794,9.983301,0.03115931,9.841162,0.02893465,10.15034,0.02780476,10.04863,0.04006134,9.686623,0.04301845,9.247083,0.08068399,9.085816,0.07747911,9.575607524,0.102471514,9.711403694,0.149211364,9.270454445,0.14853351,9.556914546,0.154913125,8.973722208,0.230945801,9.706123408,0.045438825,8.615912549,0.139434136,9.771408392,0.194261849,9.801095337,0.14857962,9.765489959,0.209635818,9.75786153,0.119384566
100.0,9.7237,0.03348734,7.042378,0.09716503,9.757846,0.03387494,10.116,0.02267422,9.954815,0.02132089,10.37068,0.03287237,10.16514,0.03253965,9.794642,0.1183492,9.485947,0.08336728,9.206674,0.1126288,9.679531568,0.139437181,9.782503679,0.116570471,9.389280856,0.094828869,9.720426528,0.136897914,9.072890323,0.093768291,9.765785911,0.094423607,8.754807966,0.094121464,9.776383755,0.102286657,9.820971841,0.142707794,9.762829873,0.131656492,9.806825192,0.11599636
200.0,10.08557,0.06332541,8.421541,0.1364304,10.10496,0.0472483,10.2706,0.05399536,10.53791,0.09720295,10.98281,0.02458035,10.69886,0.04668233,10.69993,0.07918066,10.1455,0.02200447,10.13203,0.02740544,10.2264335,0.107563362,10.49344093,0.082412754,10.12324197,0.037061003,10.38854677,0.163377264,9.921118528,0.163962173,9.958917964,0.205902663,9.732265121,0.146454497,9.99037606,0.120557965,10.07250452,0.079771427,9.956683254,0.161381247,10.20844067,0.110979405
300.0,10.07906,0.04849363,10.80283,0.1676882,9.891429,0.09823444,10.35738,0.05685484,10.64447,0.05873547,11.21274,0.06096027,11.43759,0.08583216,11.20947,0.1048247,10.61256,0.03685737,10.70339,0.0618391,10.40743566,0.165190499,10.74016262,0.11579512,10.52567657,0.129480258,10.87422366,0.162471996,10.37373087,0.211550371,10.0711157,0.236030394,10.38065587,0.183311211,10.14133356,0.207545012,10.25523447,0.198318182,10.191509,0.149618035,10.41707107,0.221277229
400.0,10.27298,0.1151493,12.86397,0.07669477,10.19505,0.09158962,10.48884,0.03657469,10.89809,0.05194276,11.45209,0.07820777,11.84574,0.06980545,11.5653,0.07647469,11.29638,0.07208319,11.23258,0.03473485,10.68431323,0.237456111,10.99671026,0.199025493,10.87885288,0.17513587,11.12085124,0.153406046,10.68745701,0.160032175,10.24721784,0.241526684,10.84924447,0.111542498,10.22173953,0.226298915,10.30431943,0.206730823,10.32567107,0.267532691,10.55805611,0.273416923
500.0,10.08413,0.01632069,13.77156,0.1268554,10.12946,0.06292597,10.91786,0.06866531,11.06574,0.05095055,11.77862,0.0300687,11.94421,0.01775159,11.73557,0.09030321,11.41417,0.0424647,11.42711,0.06555349,10.80328583,0.176293743,11.2223371,0.108059678,11.0339962,0.093635807,11.34820555,0.201833301,10.98355778,0.181418409,10.3361199,0.278050102,11.15813002,0.073536568,10.29045782,0.190524078,10.53597158,0.3481892,10.45287303,0.229848338,10.6226618,0.292248412
600.0,10.13714,0.05134837,14.55409,0.1679194,10.26372,0.04176865,10.9295,0.09386309,11.54512,0.03023556,12.2114,0.08935897,12.28313,0.1565992,12.15593,0.1484135,11.66191,0.06660664,11.7606,0.05254725,10.9182153,0.248051769,11.34298212,0.217802993,11.26163703,0.232894472,11.6412328,0.180668533,11.2323999,0.210729151,10.25697147,0.272436512,11.45176718,0.15671309,10.34828605,0.230824632,10.49998494,0.202079371,10.42884119,0.096271998,10.72704564,0.23016642
700.0,10.28948,0.04654849,15.33803,0.1506659,10.2467,0.07003606,10.93547,0.07162748,11.91225,0.144643,12.89548,0.1873515,12.92316,0.09560418,12.25035,0.07462799,11.8901,0.06477546,12.14444,0.08990526,11.11326965,0.319190596,11.57683291,0.228939268,11.43643676,0.209832256,11.72843214,0.302451088,11.34065513,0.225932002,10.21749673,0.26127247,11.64607513,0.235681984,10.53855221,0.063023442,10.67335505,0.018290076,10.67817548,0.283063436,10.94535841,0.181607708
800.0,10.44881,0.03602387,16.68216,0.4788831,10.48596,0.0974292,11.28459,0.114045,12.00189,0.04127629,12.75885,0.1181181,13.00269,0.1090422,12.55176,0.07716819,12.1144,0.08891038,12.25123,0.08539493,11.09683691,0.216553231,11.65767367,0.242657142,11.54369418,0.183760586,12.1080416,0.311352381,11.55710109,0.251690751,10.48290952,0.36091006,11.82699504,0.107319699,10.45865952,0.292202875,10.62389714,0.249047075,10.7499527,0.244665614,10.98881183,0.266345677
900.0,10.29203,0.0741755,18.06301,0.2081414,10.30953,0.03621945,11.51374,0.04925778,11.86283,0.07963013,12.93255,0.05408798,13.55211,0.07263119,12.58447,0.04660899,12.17253,,12.39016,,11.14345423,0.218669792,11.64732597,0.242104748,11.69445334,0.056468269,12.1060426,0.227960546,11.67938575,0.261290826,10.42279044,0.257794985,12.08478594,0.219337647,10.50854807,0.293569708,10.76332855,0.373999354,10.80373345,0.34853262,11.16426622,0.30529184
1000.0,10.41839,0.0310566,19.20758,0.2416691,10.32937,0.05261364,11.05363,0.08151098,12.11265,0.08540604,13.39219,0.1123495,13.55201,0.133591,12.8712,0.1093061,12.35153,0.1408579,12.25947,,11.29701917,0.214224418,12.00792199,0.28935567,11.77063194,0.231849302,12.49214747,0.264712869,11.8231386,0.208965708,10.46055899,0.260063825,12.28856365,0.213230443,10.67998108,0.26084809,10.78658121,0.309891209,10.92209999,0.371803278,11.19940252,0.306561
2000.0,10.45596,0.0523938,20.59377,0.0811574,10.51157,0.09939966,11.43255,0.1210447,12.66429,0.1610168,13.54364,0.04615317,14.55013,0.07421161,15.66978,0.1275657,13.59824,0.08196434,14.58589,,12.09575202,0.056197808,13.22190077,0.299362958,13.04123086,0.332722222,13.31995621,0.495011939,12.97932139,0.244065788,10.757907,0.352644017,13.77806876,0.360923697,10.9953457,0.368194756,11.12441564,0.33222025,11.40571474,0.402504833,12.05164041,0.435996188
3000.0,10.59193,0.08841469,20.96502,0.06183971,10.56304,0.1471902,11.72289,0.07461597,12.50392,0.05197803,13.81625,0.128803,14.8745,0.0754159,15.87771,0.1291464,16.99295,0.1275532,16.86003,,13.13092675,0.298614716,13.84905106,0.347704146,14.09415892,0.271426454,14.36839795,0.281325442,13.54088046,0.334430986,10.8267066,0.409154558,15.19379827,0.402264429,11.15208838,0.292044093,11.3185623,0.392751239,11.58551232,0.310137417,12.17220222,0.37992577
4000.0,10.59427,0.09811827,21.35966,0.1682493,10.59215,0.06306089,11.56387,0.03617908,12.65409,0.04837602,13.86106,0.107365,15.15323,0.0671136,16.27368,0.1544863,17.11606,,18.9512,,13.31281366,0.294731481,14.14448499,0.284760674,14.57916323,0.224376952,14.84706131,0.28596677,14.49725824,0.238484632,10.86576629,0.41479565,16.28983235,0.22955443,11.12131419,0.405791753,11.44535549,0.398781794,11.60993756,0.332238941,12.28592227,0.332271555
5000.0,10.45468,0.1052636,21.57031,0.0722411,10.37468,0.1080337,11.68974,0.08749124,12.7268,0.1324812,13.8417,0.0737434,15.11806,0.08400319,16.24435,0.08482096,17.33964,,19.0819,,13.41541873,0.403154822,14.21016978,0.267034077,14.79510802,0.362234448,15.28328082,0.371664811,15.5750883,0.220819168,10.89324213,0.381787881,16.82514214,0.138101399,11.18388088,0.327608451,11.38870819,0.373004997,11.67503168,0.412447711,12.25088236,0.334686032
6000.0,10.85961,0.1584485,21.63758,0.1480717,10.74719,0.1840055,11.80013,0.05580996,12.72202,0.08766725,13.99489,0.04861894,15.11846,0.2062373,16.24671,0.09489297,17.86132,,19.02962,,13.64017516,0.361267862,14.28841377,0.359169534,14.96842618,0.369892076,15.67864556,0.310068132,16.28205347,0.328899,11.06253915,0.44956882,17.40682872,0.242698646,11.19885895,0.369018207,11.46829989,0.411992252,11.71469873,0.395521454,12.29264348,0.33099016
7000.0,10.64496,0.05831998,21.66562,0.1662355,10.94698,0.09281964,11.83666,0.0693586,12.83617,0.07982774,14.19085,0.01795287,15.17415,0.1103082,16.31404,0.259699,17.56244,0.1041443,19.0819,,13.57322807,0.316622256,14.33159273,0.350313172,14.95076119,0.289590369,15.7598421,0.319015012,16.32319466,0.374506855,11.03676053,0.397988552,18.02375882,0.271861229,11.2194745,0.345583498,11.66086501,0.395241733,11.71447555,0.396567797,12.42264148,0.401055951
8000.0,10.70468,0.2106111,21.65113,0.1615833,10.71898,0.1243365,11.87293,0.08146809,12.99454,0.1674526,14.16914,0.05830467,15.11533,0.1482473,16.28044,0.0619281,17.78679,,19.13418,,13.65383452,0.369943849,14.42901012,0.345628477,15.11079852,0.273440697,15.82540481,0.265709991,16.36522158,0.349387297,10.9926179,0.410849804,18.22543049,0.342099626,11.1502594,0.404282612,11.53222199,0.339512298,11.83644959,0.448923358,12.42622783,0.424277126
9000.0,10.73175,0.09101672,21.9103,0.1088397,10.79509,0.08982953,11.98234,0.06018151,13.1832,0.1110183,14.25918,0.01907084,15.26323,0.1947206,16.42721,0.03786737,17.81164,,19.42171,,13.79650031,0.333417107,14.28715056,0.346921051,15.14441201,0.375607589,15.84330606,0.311749733,16.41358636,0.227561539,10.99439818,0.41438145,18.19861999,0.247440923,11.27716269,0.397459241,11.63591521,0.372369793,11.93201976,0.459266034,12.49006032,0.426154158
10000.0,10.72195,0.09152146,21.79136,0.1002909,10.68724,0.1029282,11.68489,0.0641684,13.00355,0.1278012,14.20281,0.0523233,14.98897,0.08657621,16.68866,0.02319356,17.76195,,19.44785,,13.77293347,0.398268016,14.59799181,0.370971132,15.10807492,0.35082923,15.86698285,0.399558366,16.56304416,0.228831901,11.10814748,0.327938773,18.33902648,0.206953039,11.31156132,0.395567206,11.57571721,0.38601618,11.8487482,0.336720815,12.48941545,0.419826563
20000.0,10.82777,0.2298631,22.24204,0.0842867,10.99424,0.1266523,11.87145,0.05209504,13.00393,0.2205456,14.53306,0.1073898,15.20008,0.05667745,16.80257,0.05132838,18.31163,0.1314566,19.70925,,13.80191038,0.299912367,14.70049077,0.49187589,15.26522719,0.332983266,16.34882196,0.40762107,16.85600826,0.375636337,11.0047689,0.411336124,18.66243746,0.311565826,11.41508159,0.404714079,11.6556419,0.331677063,12.02057629,0.386552175,12.71247153,0.501339261
30000.0,10.84636,0.07246256,22.42952,0.1306206,10.70248,0.1583341,11.89076,0.2260905,12.70124,0.08602219,14.46588,0.04127494,15.87187,0.05504623,17.08105,0.1894773,18.19607,0.08875369,19.36943,,14.02322438,0.473771329,15.07087692,0.012182982,15.54152019,0.36829835,16.26523826,0.439858279,17.05118096,0.343124407,11.18365286,0.453104675,18.87664174,0.364931156,11.45598262,0.472459799,11.80659412,0.419173017,11.72122383,0.681039839,12.68232891,0.397423343
40000.0,11.22177,0.1142309,22.44801,0.108217,11.08315,0.06081013,11.99634,0.06631506,13.09375,0.131425,14.50641,0.09333987,15.75432,0.1114046,17.13384,0.08179436,18.33878,0.104972,20.31046,,13.9079908,0.326314668,14.93320387,0.407462968,15.19002892,0.375460027,16.52252561,0.014390736,17.16718844,0.450698953,11.26804305,0.437008116,18.89637083,0.438596854,11.49474137,0.403664527,12.09628274,0.003799146,12.1244753,0.421812714,12.9190539,0.447493528
50000.0,10.94311,0.02229166,22.64102,0.09000536,11.1586,0.06750762,12.00902,0.05145437,13.48164,0.06797732,14.4328,0.168831,16.0815,0.09643701,16.80338,0.1670545,18.71104,0.1642048,20.15362,,14.07356567,0.401693201,14.961283,0.456645007,15.62898291,0.431493554,16.55085122,0.386777449,17.11993815,0.366996618,11.0323901,0.296245444,19.2072577,0.373146615,11.26440672,0.435738802,11.87253541,0.473185762,12.19419911,0.467321362,12.82361596,0.399021655
60000.0,11.18303,0.1326967,22.78471,0.07312239,11.1918,0.1250355,12.20419,0.152145,13.1862,0.08926991,14.79255,0.1025587,15.60473,0.08988546,17.16636,0.165179,18.44954,0.1640031,20.36274,,14.16386202,0.441591516,15.06935171,0.448572063,15.83357145,0.473974285,16.5439986,0.520976909,17.26212318,0.429731872,11.34107866,0.458524355,19.16587331,0.479121368,11.54287621,0.422238628,11.76209735,0.395400462,12.17153979,0.453738689,12.74933356,0.421521859
70000.0,11.30619,0.0754629,22.67517,0.1900434,11.39041,0.211087,11.79675,0.1540051,13.32661,0.1564462,14.26626,0.08322944,15.72511,0.134209,17.04099,0.2659824,18.73079,,20.25818,,14.16055754,0.453622774,15.08982414,0.479643218,15.75470367,0.461477247,16.48807915,0.447970312,17.4446348,0.509180255,11.25716721,0.481730509,19.1549021,0.418588416,11.61489513,0.370122013,11.98473847,0.521994379,12.37124931,0.526487173,13.02967312,0.427788578
80000.0,11.3236,0.1378947,22.5008,0.1534673,11.52923,0.1693375,12.05665,0.04842807,13.53694,0.1421983,14.74941,0.1482957,15.62845,0.1238081,17.08335,0.1423739,18.59688,0.04104137,20.36274,,14.22913806,0.474786187,15.11080121,0.517313407,15.76938964,0.462539952,16.64080514,0.526575895,17.25988165,0.454786569,11.4805544,0.558454635,18.93418991,0.303694096,11.60491316,0.555747137,11.95284974,0.413314994,12.29358046,0.455197342,12.85730703,0.465948118
90000.0,11.17431,0.11908,22.76882,0.08653788,11.16602,0.1664113,12.13668,0.1151661,13.35645,0.1214002,14.46804,0.1432025,15.70497,0.04441132,17.41581,,18.58173,,20.31046,,14.31676261,0.020645168,15.10662309,0.491237669,15.81895595,0.502677902,16.63175518,0.366191017,17.42647103,0.397207738,11.22435588,0.459933085,19.389083,0.373791893,11.75602717,0.429051489,11.76265521,0.395138501,12.28853264,0.497962977,12.99570243,0.508560908
100000.0,11.09277,0.1994502,22.91926,0.1308396,11.43812,0.1007203,12.07053,0.08086176,13.30634,0.1822225,14.46447,0.1703563,16.11378,0.1625945,17.00693,0.255218,18.9792,,20.67641,,14.32014328,0.421843637,15.18391137,0.526483071,15.84099483,0.489360014,16.72443818,0.521229336,17.50674726,0.470029522,11.38795821,0.482775551,19.3378126,0.523473152,11.48995859,0.441079449,11.99230369,0.395393561,12.36285616,0.352928948,13.08225596,0.424138662
