0.000000000000000000e+00,-5.886666105461157983e-01,-1.898288561887258030e+00,-3.646795029367143393e+00,-5.714556015775912101e+00,-8.042486609974954348e+00,-1.058878583820890995e+01,-1.332378226046229130e+01,-1.623236740348716012e+01,-1.930295473730927114e+01,-2.252164218292490006e+01,-2.587778126509746457e+01,-2.936682000705948070e+01,-3.298264804635665115e+01,-3.671589058317337617e+01,-4.056015692842615294e+01,-4.451411610328577950e+01,-4.857618822752057497e+01,-5.274535492504958967e+01,-5.701766310365029256e+01,-6.138338001379454312e+01,-6.583981002573894159e+01,-7.039465955592707758e+01,-7.505224149966814196e+01,-7.980923811719316063e+01,-8.465965476287527736e+01,-8.959736575097807076e+01,-9.461849019689593376e+01,-9.972635566036990440e+01,-1.049225788258634964e+02,-1.102051885306792087e+02,-1.155786319247827265e+02,-1.210542847900042318e+02,-1.266309642192291420e+02,-1.322933738222828310e+02,-1.380443008332718478e+02,-1.439133622099843990e+02,-1.499097898523403956e+02,-1.560091666909491721e+02,-1.622046017376560201e+02,-1.685211734835923210e+02,-1.749852831274434095e+02,-1.816175963926717714e+02,-1.884363823460859066e+02,-1.954521134677924863e+02,-2.026917541022315561e+02,-2.102282028978113431e+02,-2.181977492199587516e+02,-2.268598472066512386e+02
1.938661693185774748e+00,1.347167088766913823e+00,5.316810362271708751e-02,-1.693191352467901201e+00,-3.745629507782649359e+00,-6.046057488454160023e+00,-8.576201857016632957e+00,-1.130904004066432300e+01,-1.421783481601791266e+01,-1.728428544796425825e+01,-2.049569046519079052e+01,-2.384316064167543914e+01,-2.732668026871731115e+01,-3.095157845969660571e+01,-3.470484658067278616e+01,-3.855826893551987666e+01,-4.251352058455920968e+01,-4.659928569742100279e+01,-5.080741986680308031e+01,-5.509435772258011355e+01,-5.945291623875301212e+01,-6.391152290914157419e+01,-6.848043929749726999e+01,-7.314899951874360795e+01,-7.791466991361016881e+01,-8.278259647167158164e+01,-8.775357032190582629e+01,-9.282628002244061349e+01,-9.799564849058405969e+01,-1.032505397304108641e+02,-1.085835168309728118e+02,-1.139953758925613556e+02,-1.194993843884935956e+02,-1.251018297403289239e+02,-1.307983319409809440e+02,-1.365995722092312121e+02,-1.425302517474749209e+02,-1.486008984312709060e+02,-1.547910908385616437e+02,-1.610895788723462658e+02,-1.675301553215195156e+02,-1.741525513186062142e+02,-1.809599659648504257e+02,-1.879354625902723512e+02,-1.951087261352204791e+02,-2.025561022776690550e+02,-2.104079563314125210e+02,-2.190779858740223744e+02,-3.000000000000000000e+00
3.244805673798123014e+00,2.638259600877958189e+00,1.331518933880763811e+00,-4.331738292431146498e-01,-2.497611775823462388e+00,-4.804962712565310490e+00,-7.343533281833864557e+00,-1.008616243392179612e+01,-1.300179629670366666e+01,-1.607064580939598741e+01,-1.928394775903510805e+01,-2.263049993875080190e+01,-2.610610248392494981e+01,-2.972545791609853794e+01,-3.348691537885603964e+01,-3.735141938883960933e+01,-4.131046150137868977e+01,-4.540306958025896478e+01,-4.962935493074487425e+01,-5.393312045851854464e+01,-5.831049484002282668e+01,-6.279320236876328920e+01,-6.738223935549203247e+01,-7.206202334189752889e+01,-7.683793516269741986e+01,-8.172193104711756462e+01,-8.671589164157694540e+01,-9.182372030112452421e+01,-9.703856457816324621e+01,-1.023404943154942544e+02,-1.077246662917122251e+02,-1.131874593841647538e+02,-1.187422308645291480e+02,-1.243977365843837646e+02,-1.301520134594465787e+02,-1.360159039756456139e+02,-1.420034233749018426e+02,-1.481314764695802353e+02,-1.543975312200832093e+02,-1.607927788142693259e+02,-1.673557966230555962e+02,-1.741340116445371677e+02,-1.811327636058936150e+02,-1.883217947121952136e+02,-1.957653712430209794e+02,-2.035711329900693158e+02,-2.119338734102367141e+02,-3.000000000000000000e+00,-3.000000000000000000e+00
4.073160882570332930e+00,3.467870794955333569e+00,2.146797990338017659e+00,3.740791871581981565e-01,-1.695683974952314266e+00,-4.015112514123604370e+00,-6.573556960318434506e+00,-9.331295164709827006e+00,-1.225515975411113345e+01,-1.533512361731589380e+01,-1.856376593728089475e+01,-2.192075409236088390e+01,-2.539559599121994893e+01,-2.900120958653449321e+01,-3.274899150302362472e+01,-3.662217779530072903e+01,-4.060047257457274839e+01,-4.468579965849046687e+01,-4.889195621965184557e+01,-5.321626310683897287e+01,-5.764565237084120497e+01,-6.217006004898755123e+01,-6.678384548614941707e+01,-7.148285010682663199e+01,-7.627396256636275496e+01,-8.116878137111237379e+01,-8.617611210378071007e+01,-9.130113442015762359e+01,-9.653913423333393951e+01,-1.018724758149801488e+02,-1.072950721592572592e+02,-1.128140091592129011e+02,-1.184406157860318700e+02,-1.241776051454018273e+02,-1.300191117727337655e+02,-1.359623613994576203e+02,-1.420182905355309231e+02,-1.482053241527995908e+02,-1.545375408561514519e+02,-1.610269413668611946e+02,-1.677098655271831831e+02,-1.746361643470276590e+02,-1.818366429486375750e+02,-1.893356808436849121e+02,-1.972057824303667815e+02,-2.055953769661588808e+02,-3.000000000000000000e+00,-3.000000000000000000e+00,-3.000000000000000000e+00
4.590785478663251595e+00,3.998000825423570159e+00,2.649386219834963807e+00,8.652971932272045530e-01,-1.206302720843283049e+00,-3.536177373430264392e+00,-6.111607899561914969e+00,-8.880749278489837195e+00,-1.181116630438603465e+01,-1.490648830704329164e+01,-1.815997621503815651e+01,-2.154063933375618234e+01,-2.502912851435346298e+01,-2.863133239872355418e+01,-3.236228241951983620e+01,-3.623340607916595246e+01,-4.022865196326355175e+01,-4.431552304110113027e+01,-4.850508797171300301e+01,-5.284375981449472448e+01,-5.731720540566625743e+01,-6.188208347336107806e+01,-6.652641563622177046e+01,-7.125549219549988322e+01,-7.607128528239574905e+01,-8.098247974572562669e+01,-8.600258178572593692e+01,-9.113924284046986202e+01,-9.639284809660230735e+01,-1.017533460531648615e+02,-1.072094476518971646e+02,-1.127770644950736028e+02,-1.184676525900383268e+02,-1.242837071322040572e+02,-1.302174197027591731e+02,-1.362532698319215854e+02,-1.424018712470834203e+02,-1.486803959791660077e+02,-1.551111581891849198e+02,-1.617235837446017115e+02,-1.685494700728303314e+02,-1.756491512000129092e+02,-1.830950304461931637e+02,-1.910032224400029293e+02,-1.995240219931567651e+02,-3.000000000000000000e+00,-3.000000000000000000e+00,-3.000000000000000000e+00,-3.000000000000000000e+00
4.861008747235404215e+00,4.290157722377633043e+00,2.938457908119995299e+00,1.137468103745390424e+00,-9.598964292957624656e-01,-3.303671239626689182e+00,-5.877557472568048169e+00,-8.647066347578082457e+00,-1.158490897946285081e+01,-1.469330854317070134e+01,-1.796735289547615011e+01,-2.137953445556568610e+01,-2.490232996079171812e+01,-2.852517598829649614e+01,-3.225626951973664092e+01,-3.611782983214210674e+01,-4.011262165914673261e+01,-4.421993501386697289e+01,-4.843486263330977692e+01,-5.278112324341153538e+01,-5.725985446492808961e+01,-6.184482855219896180e+01,-6.652039661698812267e+01,-7.128896900520690849e+01,-7.614706289629670266e+01,-8.109302540416351235e+01,-8.613569552438315213e+01,-9.129112620002860012e+01,-9.656894635700305685e+01,-1.019665975177886850e+02,-1.074713330926079067e+02,-1.130820963436094360e+02,-1.188108883983392161e+02,-1.246766771177157267e+02,-1.306807732536090896e+02,-1.368085702472642424e+02,-1.430648541794696200e+02,-1.494782897638818611e+02,-1.560722681754104713e+02,-1.628666568033688975e+02,-1.698943412072570709e+02,-1.772304952952079589e+02,-1.850144697606499165e+02,-1.935048627853557264e+02,-3.000000000000000000e+00,-3.000000000000000000e+00,-3.000000000000000000e+00,-3.000000000000000000e+00,-3.000000000000000000e+00
4.910645273665448229e+00,4.356938817463634095e+00,3.015906771612919979e+00,1.208229816235515841e+00,-9.132807674848001378e-01,-3.274079930327309373e+00,-5.849100790813926309e+00,-8.619692406034019427e+00,-1.156404588141966272e+01,-1.467779935609896214e+01,-1.795878369035095545e+01,-2.139254926708649407e+01,-2.495397943507936489e+01,-2.861542837728256572e+01,-3.237063737646913353e+01,-3.623705841038315612e+01,-4.023004235213306146e+01,-4.435404839091162188e+01,-4.860048094315863665e+01,-5.295908834331833503e+01,-5.743748284819974259e+01,-6.203267015874190804e+01,-6.673380393611986960e+01,-7.154048812287720693e+01,-7.644805091489936899e+01,-8.144229487611823970e+01,-8.652371986761248479e+01,-9.171124164996358274e+01,-9.702458671118212408e+01,-1.024712622295807734e+02,-1.080404863574775902e+02,-1.137050886053515768e+02,-1.194733879882551690e+02,-1.253845134836241044e+02,-1.314541197176960736e+02,-1.376690145124012759e+02,-1.440312571415452396e+02,-1.505933362695899405e+02,-1.573858080978105534e+02,-1.644115773289835261e+02,-1.717123357851499179e+02,-1.793926524162936289e+02,-1.877199243905175763e+02,-3.000000000000000000e+00,-3.000000000000000000e+00,-3.000000000000000000e+00,-3.000000000000000000e+00,-3.000000000000000000e+00,-3.000000000000000000e+00
4.756696485514538608e+00,4.207082948082565110e+00,2.872027571332753659e+00,1.069527549737274041e+00,-1.054032629963950862e+00,-3.426220823308414154e+00,-6.017677482799717481e+00,-8.804976700500624531e+00,-1.176136009962383255e+01,-1.487363298347504958e+01,-1.814466371686884827e+01,-2.157642641597423960e+01,-2.515524110293454996e+01,-2.885475285732567841e+01,-3.265619510658950730e+01,-3.655686669761761465e+01,-4.056364837168055715e+01,-4.468574577019633409e+01,-4.893203592450563377e+01,-5.330688725913572767e+01,-5.780868647644571467e+01,-6.242752260808489240e+01,-6.715478517271471048e+01,-7.198758510188231696e+01,-7.692740201041138448e+01,-8.196973658281694952e+01,-8.710708040692871634e+01,-9.234345569911101848e+01,-9.770328164660998027e+01,-1.032093605920106967e+02,-1.088492971663196727e+02,-1.145866264548579778e+02,-1.204280254444422269e+02,-1.264207639936415433e+02,-1.325808548771856579e+02,-1.388904566766372568e+02,-1.453642969409988552e+02,-1.520667337545700377e+02,-1.590491034512512272e+02,-1.663374934137672483e+02,-1.740039369446272133e+02,-1.822536878697773375e+02,-1.919985153040200032e+02,-3.000000000000000000e+00,-3.000000000000000000e+00,-3.000000000000000000e+00,-3.000000000000000000e+00,-3.000000000000000000e+00,-3.000000000000000000e+00
4.427976656638973552e+00,3.873033321498647652e+00,2.533891376410728924e+00,7.362552014512088183e-01,-1.377196941441780176e+00,-3.751120339026826844e+00,-6.361386474632908516e+00,-9.173321600906833240e+00,-1.214815672041110162e+01,-1.526310233867464028e+01,-1.852361521431426183e+01,-2.194322420202405866e+01,-2.552019292799301908e+01,-2.924285557690378923e+01,-3.309062794272864494e+01,-3.704020167781805384e+01,-4.107831270404395241e+01,-4.520367412917887151e+01,-4.944020655567598510e+01,-5.382634517668407881e+01,-5.835731008020724175e+01,-6.300587186879509005e+01,-6.776026574768737021e+01,-7.261584764487926691e+01,-7.758006656409148150e+01,-8.266750991871121812e+01,-8.786646384396712506e+01,-9.316334354672456186e+01,-9.858103257189968360e+01,-1.041550702146737990e+02,-1.098727512503257771e+02,-1.157005030011819144e+02,-1.216452970865998395e+02,-1.277523247785499620e+02,-1.340278868703163653e+02,-1.404540404223658072e+02,-1.470644194552771467e+02,-1.539287615406061605e+02,-1.611249273427779940e+02,-1.687485789275837078e+02,-1.769860245813943322e+02,-1.866682508124827109e+02,-3.000000000000000000e+00,-3.000000000000000000e+00,-3.000000000000000000e+00,-3.000000000000000000e+00,-3.000000000000000000e+00,-3.000000000000000000e+00,-3.000000000000000000e+00
3.968491363013089579e+00,3.404665581472345437e+00,2.057179231243164264e+00,2.540554733866738912e-01,-1.861752977297719269e+00,-4.238656949119782524e+00,-6.856844879767061585e+00,-9.681713534117337261e+00,-1.267127174483094976e+01,-1.580076132880294359e+01,-1.907081843471320326e+01,-2.249192620406005361e+01,-2.606975664072123777e+01,-2.980347492382008667e+01,-3.367837646722429668e+01,-3.766735833100126030e+01,-4.174491401191673390e+01,-4.590178878097972159e+01,-5.016014275786865539e+01,-5.455825432352506255e+01,-5.910242096701475845e+01,-6.376926581155696994e+01,-6.854254013076037211e+01,-7.342673885472427742e+01,-7.843429932760966494e+01,-8.357171172459487707e+01,-8.882657063122830721e+01,-9.418609905287864592e+01,-9.966902647571922103e+01,-1.053108833457052356e+02,-1.111117458306208192e+02,-1.170460690796898149e+02,-1.231134937015593778e+02,-1.293398191504511487e+02,-1.357381400899536743e+02,-1.423162044849832171e+02,-1.491130356980670797e+02,-1.562061579691340967e+02,-1.637286494524181535e+02,-1.719157159142953049e+02,-1.816232476944376515e+02,-3.000000000000000000e+00,-3.000000000000000000e+00,-3.000000000000000000e+00,-3.000000000000000000e+00,-3.000000000000000000e+00,-3.000000000000000000e+00,-3.000000000000000000e+00,-3.000000000000000000e+00
3.402078281276720073e+00,2.827218422168927159e+00,1.465867508698378341e+00,-3.517075623533493789e-01,-2.479808202796330630e+00,-4.864016901382826497e+00,-7.484739049244653053e+00,-1.031140572836789282e+01,-1.330819973579756699e+01,-1.645642370469755988e+01,-1.975198674838463830e+01,-2.319501712634907875e+01,-2.678943694263298525e+01,-3.053676338940641699e+01,-3.442666769530589477e+01,-3.843761625051649133e+01,-4.254840503107714511e+01,-4.675179783384351140e+01,-5.106109862396250065e+01,-5.549369549621404474e+01,-6.005683121874371011e+01,-6.473769575998612424e+01,-6.952580089125098084e+01,-7.444122219713244704e+01,-7.950043906560711093e+01,-8.469129894753321253e+01,-8.999905996866661440e+01,-9.541824124395593287e+01,-1.009655658881210627e+02,-1.066737000326285596e+02,-1.125568334655586966e+02,-1.185999065147080955e+02,-1.247985270965424291e+02,-1.311616288434701687e+02,-1.377109488767387688e+02,-1.444840081361581383e+02,-1.515373624315501218e+02,-1.589869236777771562e+02,-1.670951885068301124e+02,-1.767737490432139680e+02,-3.000000000000000000e+00,-3.000000000000000000e+00,-3.000000000000000000e+00,-3.000000000000000000e+00,-3.000000000000000000e+00,-3.000000000000000000e+00,-3.000000000000000000e+00,-3.000000000000000000e+00,-3.000000000000000000e+00
2.723342657579781001e+00,2.137884255741230533e+00,7.637918313754572530e-01,-1.072278458650215427e+00,-3.220738425864639876e+00,-5.616457841074896429e+00,-8.236961216744022707e+00,-1.106158450363137113e+01,-1.406457654340576013e+01,-1.722983278301565591e+01,-2.055136625982111553e+01,-2.402545846729478640e+01,-2.764956726557452882e+01,-3.142072599448706782e+01,-3.532675550622017369e+01,-3.934734841096487656e+01,-4.347535762399126469e+01,-4.772187208378705492e+01,-5.209464651034561200e+01,-5.658818898460131663e+01,-6.119221542242357970e+01,-6.589799341439297109e+01,-7.071625348623395269e+01,-7.567387891073366291e+01,-8.077859252035219129e+01,-8.601261862386591872e+01,-9.136553673342034187e+01,-9.684504150002875633e+01,-1.024654976970593623e+02,-1.082434392191214130e+02,-1.141975693976814767e+02,-1.203405414665588893e+02,-1.266779516503256673e+02,-1.332168539307427579e+02,-1.399783162690370943e+02,-1.470127891227523094e+02,-1.544451082826201969e+02,-1.625334480987315544e+02,-1.721321475621869013e+02,-3.000000000000000000e+00,-3.000000000000000000e+00,-3.000000000000000000e+00,-3.000000000000000000e+00,-3.000000000000000000e+00,-3.000000000000000000e+00,-3.000000000000000000e+00,-3.000000000000000000e+00,-3.000000000000000000e+00,-3.000000000000000000e+00
1.931311262544088247e+00,1.333798082918460137e+00,-5.512765980577059161e-02,-1.909687730179514764e+00,-4.077927096826394759e+00,-6.487967080665359987e+00,-9.114895462970563855e+00,-1.194426156980369669e+01,-1.495664055546237670e+01,-1.813609352233549643e+01,-2.147719793489297757e+01,-2.497852062790514083e+01,-2.863300820421985904e+01,-3.243087635184230066e+01,-3.635692070886103977e+01,-4.039119514130973698e+01,-4.453564854598791811e+01,-4.881784513938811187e+01,-5.324590679753789146e+01,-5.780001763812112614e+01,-6.245452522207997248e+01,-6.720373005977977243e+01,-7.207472581037740156e+01,-7.709159831854027800e+01,-8.224629036610153321e+01,-8.752059581759769458e+01,-9.291695651386365284e+01,-9.846268802890379845e+01,-1.041709215069727463e+02,-1.100347406445380045e+02,-1.160673063631623876e+02,-1.223093347167284577e+02,-1.287894986767290959e+02,-1.355308111671528764e+02,-1.425719126067529032e+02,-1.499983177578176594e+02,-1.580712052487461108e+02,-1.675913504115974320e+02,-3.000000000000000000e+00,-3.000000000000000000e+00,-3.000000000000000000e+00,-3.000000000000000000e+00,-3.000000000000000000e+00,-3.000000000000000000e+00,-3.000000000000000000e+00,-3.000000000000000000e+00,-3.000000000000000000e+00,-3.000000000000000000e+00,-3.000000000000000000e+00
1.037873611864737811e+00,4.260094764747303087e-01,-9.790790926133271510e-01,-2.851137915395862255e+00,-5.037883280583740131e+00,-7.468142562010838148e+00,-1.011626652136095750e+01,-1.296485804458034075e+01,-1.599326118413145892e+01,-1.918633664736519506e+01,-2.254114519768531366e+01,-2.605968941290727514e+01,-2.973592771729690654e+01,-3.355379216187918701e+01,-3.749821117128717418e+01,-4.156207908464060097e+01,-4.574770387671623695e+01,-5.006520872114304410e+01,-5.452016792842120196e+01,-5.910612261040227366e+01,-6.380866308810918497e+01,-6.862101448656216007e+01,-7.355821655248706747e+01,-7.863797556220504248e+01,-8.385233942996455880e+01,-8.918370117159979316e+01,-9.464554148988679572e+01,-1.002759848361525599e+02,-1.060874571092126075e+02,-1.120629852966277866e+02,-1.182111193072310442e+02,-1.245803330723573055e+02,-1.312210401430498052e+02,-1.381872314786270692e+02,-1.455951976480324390e+02,-1.536669419012541482e+02,-1.628537157805815525e+02,-3.000000000000000000e+00,-3.000000000000000000e+00,-3.000000000000000000e+00,-3.000000000000000000e+00,-3.000000000000000000e+00,-3.000000000000000000e+00,-3.000000000000000000e+00,-3.000000000000000000e+00,-3.000000000000000000e+00,-3.000000000000000000e+00,-3.000000000000000000e+00,-3.000000000000000000e+00
4.791897869368755281e-02,-5.792781238828861312e-01,-2.001397994747339038e+00,-3.889296913813141021e+00,-6.092284202252612246e+00,-8.546875150370992102e+00,-1.122719775940546327e+01,-1.410608718219067370e+01,-1.715684812535199200e+01,-2.036562257029233081e+01,-2.373304320068495699e+01,-2.726524583487187314e+01,-3.095921562252254944e+01,-3.479375996064035803e+01,-3.875418105180391137e+01,-4.285049253288283211e+01,-4.708729774020240200e+01,-5.144610089778873174e+01,-5.592005652129411430e+01,-6.052491284335355459e+01,-6.527135603303909761e+01,-7.015075525043970117e+01,-7.515632869579420117e+01,-8.029769450145377618e+01,-8.557541292722001458e+01,-9.098072299303863986e+01,-9.653450147948557003e+01,-1.022725737804046844e+02,-1.082047333384438446e+02,-1.143190609559723896e+02,-1.206287508984321732e+02,-1.271844650371901082e+02,-1.340592566569038979e+02,-1.413663433531591522e+02,-1.493676568985707149e+02,-1.585047008115298013e+02,-1.693195181796957343e+02,-3.000000000000000000e+00,-3.000000000000000000e+00,-3.000000000000000000e+00,-3.000000000000000000e+00,-3.000000000000000000e+00,-3.000000000000000000e+00,-3.000000000000000000e+00,-3.000000000000000000e+00,-3.000000000000000000e+00,-3.000000000000000000e+00,-3.000000000000000000e+00,-3.000000000000000000e+00
-1.050704674801000937e+00,-1.691164999079065812e+00,-3.122368489416771808e+00,-5.021932674032406396e+00,-7.246003755614641051e+00,-9.729409148368024063e+00,-1.243904478846590322e+01,-1.534499348333469726e+01,-1.841976690157777341e+01,-2.164710854824941677e+01,-2.503012958119520803e+01,-2.858297940402654547e+01,-3.230228462027623237e+01,-3.615964171074754319e+01,-4.013803274048406422e+01,-4.425429656424546465e+01,-4.852233284538041147e+01,-5.292470885385720436e+01,-5.744403265283853699e+01,-6.208858535033260750e+01,-6.687612605609876937e+01,-7.181369172531617551e+01,-7.689192973649831231e+01,-8.209961588698337209e+01,-8.744015267652521572e+01,-9.293018749706756410e+01,-9.859318062708710784e+01,-1.044498423459452709e+02,-1.105114450218119231e+02,-1.167886401384798063e+02,-1.233085163710832575e+02,-1.301346429459067053e+02,-1.373902070245435709e+02,-1.453185930298806738e+02,-1.544013922634049720e+02,-1.649354771897709497e+02,-3.000000000000000000e+00,-3.000000000000000000e+00,-3.000000000000000000e+00,-3.000000000000000000e+00,-3.000000000000000000e+00,-3.000000000000000000e+00,-3.000000000000000000e+00,-3.000000000000000000e+00,-3.000000000000000000e+00,-3.000000000000000000e+00,-3.000000000000000000e+00,-3.000000000000000000e+00,-3.000000000000000000e+00
-2.268411849425921556e+00,-2.923545299472251280e+00,-4.363110164677244995e+00,-6.270273744840528352e+00,-8.510403013628785374e+00,-1.101614237380696615e+01,-1.374652165919334479e+01,-1.667338361466764951e+01,-1.977268947329678994e+01,-2.302311960461533147e+01,-2.642705087305902012e+01,-3.000800218527067287e+01,-3.376236977536383677e+01,-3.765083727103134237e+01,-4.165068210928061632e+01,-4.578250465757115961e+01,-5.007123533413539462e+01,-5.451503984125978519e+01,-5.909513328001888510e+01,-6.379946282416055681e+01,-6.863459360481218141e+01,-7.362487897726957442e+01,-7.877590846978205263e+01,-8.406219969565596273e+01,-8.948231522849523856e+01,-9.507081028977046344e+01,-1.008548812868245363e+02,-1.068438146364118069e+02,-1.130516818625409314e+02,-1.195202812876924980e+02,-1.263084250751079622e+02,-1.335234732407498655e+02,-1.413915202151579535e+02,-1.503578239098494009e+02,-1.610672826468446317e+02,-3.000000000000000000e+00,-3.000000000000000000e+00,-3.000000000000000000e+00,-3.000000000000000000e+00,-3.000000000000000000e+00,-3.000000000000000000e+00,-3.000000000000000000e+00,-3.000000000000000000e+00,-3.000000000000000000e+00,-3.000000000000000000e+00,-3.000000000000000000e+00,-3.000000000000000000e+00,-3.000000000000000000e+00,-3.000000000000000000e+00
-3.602906663614294125e+00,-4.276786564898861442e+00,-5.728702538482681739e+00,-7.644323538863003087e+00,-9.891684483617906309e+00,-1.240511837361072800e+01,-1.514741846515800816e+01,-1.809339348900550348e+01,-2.121972371580008598e+01,-2.450241438990599718e+01,-2.793799503608462231e+01,-3.154808290427115125e+01,-3.533444897124191897e+01,-3.925794547709027427e+01,-4.329002880526660135e+01,-4.745002395473760970e+01,-5.176976351957187461e+01,-5.625538656610648758e+01,-6.088810373756255245e+01,-6.564936287970317608e+01,-7.054215978545734345e+01,-7.558903885711660564e+01,-8.080655167662636984e+01,-8.618679303639672185e+01,-9.172115370424756975e+01,-9.743134617056605862e+01,-1.033512489365658809e+02,-1.094996073076765128e+02,-1.158982167463152280e+02,-1.226140627747250278e+02,-1.297767573769435216e+02,-1.376012389763100146e+02,-1.464554249050018484e+02,-1.568324884894978481e+02,-3.000000000000000000e+00,-3.000000000000000000e+00,-3.000000000000000000e+00,-3.000000000000000000e+00,-3.000000000000000000e+00,-3.000000000000000000e+00,-3.000000000000000000e+00,-3.000000000000000000e+00,-3.000000000000000000e+00,-3.000000000000000000e+00,-3.000000000000000000e+00,-3.000000000000000000e+00,-3.000000000000000000e+00,-3.000000000000000000e+00,-3.000000000000000000e+00
-5.035460306621693860e+00,-5.731329391580826993e+00,-7.202852134268398210e+00,-9.131224584348496265e+00,-1.138298321748957420e+01,-1.389886296196314319e+01,-1.665074478102190980e+01,-1.961690521210266525e+01,-2.277336352029409738e+01,-2.609313966549321151e+01,-2.956486452141300703e+01,-3.320445977135711502e+01,-3.702058564732186596e+01,-4.098099222479292081e+01,-4.505473881442818396e+01,-4.925803790413696959e+01,-5.362292303041275687e+01,-5.815322838316964038e+01,-6.282933480474697063e+01,-6.764090311188618898e+01,-7.259977769228429167e+01,-7.771967185887795893e+01,-8.301467229166875939e+01,-8.849962074332877648e+01,-9.416609074749499086e+01,-1.000191999430380463e+02,-1.060990329709663911e+02,-1.124442305491136409e+02,-1.190973216440330731e+02,-1.261728231300902650e+02,-1.339316486179378956e+02,-1.428178171776841907e+02,-1.533475538586902189e+02,-3.000000000000000000e+00,-3.000000000000000000e+00,-3.000000000000000000e+00,-3.000000000000000000e+00,-3.000000000000000000e+00,-3.000000000000000000e+00,-3.000000000000000000e+00,-3.000000000000000000e+00,-3.000000000000000000e+00,-3.000000000000000000e+00,-3.000000000000000000e+00,-3.000000000000000000e+00,-3.000000000000000000e+00,-3.000000000000000000e+00,-3.000000000000000000e+00,-3.000000000000000000e+00
-6.540728270710725489e+00,-7.257322262600342633e+00,-8.751413815957972631e+00,-1.070107159226594717e+01,-1.296927670757619744e+01,-1.549931569518184027e+01,-1.826891874521719572e+01,-2.125950278098214596e+01,-2.444530667069966867e+01,-2.779768508918523295e+01,-3.130364195936075689e+01,-3.497569222217025953e+01,-3.882269202550552478e+01,-4.282135532221688834e+01,-4.694503636378181000e+01,-5.120291540800310059e+01,-5.561833105798739041e+01,-6.019138947870238354e+01,-6.490987726920073442e+01,-6.977858726520324240e+01,-7.481664306558575106e+01,-8.003574832585204035e+01,-8.543949948102816450e+01,-9.103377561708160215e+01,-9.682697603600854563e+01,-1.028422412848873080e+02,-1.091196270650271600e+02,-1.157113980777827322e+02,-1.227276256248347579e+02,-1.304038470947533312e+02,-1.391629419940123853e+02,-1.497318225809204080e+02,-3.000000000000000000e+00,-3.000000000000000000e+00,-3.000000000000000000e+00,-3.000000000000000000e+00,-3.000000000000000000e+00,-3.000000000000000000e+00,-3.000000000000000000e+00,-3.000000000000000000e+00,-3.000000000000000000e+00,-3.000000000000000000e+00,-3.000000000000000000e+00,-3.000000000000000000e+00,-3.000000000000000000e+00,-3.000000000000000000e+00,-3.000000000000000000e+00,-3.000000000000000000e+00,-3.000000000000000000e+00
-8.109211204694016573e+00,-8.846383942320551697e+00,-1.036660268264250462e+01,-1.234463145263743833e+01,-1.464002622718261293e+01,-1.719691523465657923e+01,-1.999499097448311957e+01,-2.301460174575075257e+01,-2.622853289610820582e+01,-2.960978685061035165e+01,-3.314861341226134783e+01,-3.685798536767174483e+01,-4.074383397029219367e+01,-4.478590114057494276e+01,-4.896191996825916704e+01,-5.327718377800349003e+01,-5.774700558244143878e+01,-6.236775682142258859e+01,-6.713647530175046541e+01,-7.207314154026023800e+01,-7.720165471085284992e+01,-8.253395565570565395e+01,-8.806451237615820560e+01,-9.377986149761977686e+01,-9.970776365425967924e+01,-1.059136606396707947e+02,-1.124546874078084358e+02,-1.194121200319519716e+02,-1.270228730634889587e+02,-1.357435685832751062e+02,-1.460559956027904320e+02,-3.000000000000000000e+00,-3.000000000000000000e+00,-3.000000000000000000e+00,-3.000000000000000000e+00,-3.000000000000000000e+00,-3.000000000000000000e+00,-3.000000000000000000e+00,-3.000000000000000000e+00,-3.000000000000000000e+00,-3.000000000000000000e+00,-3.000000000000000000e+00,-3.000000000000000000e+00,-3.000000000000000000e+00,-3.000000000000000000e+00,-3.000000000000000000e+00,-3.000000000000000000e+00,-3.000000000000000000e+00,-3.000000000000000000e+00
-9.747211388110128993e+00,-1.050744214780454477e+01,-1.205487312908206832e+01,-1.406532644724627090e+01,-1.639586005058385609e+01,-1.898632007784524944e+01,-2.181468992200419166e+01,-2.486217867599505738e+01,-2.810343327891028764e+01,-3.151419983432838734e+01,-3.509017780446060186e+01,-3.884557173866488711e+01,-4.278236844608871792e+01,-4.687657792626193753e+01,-5.110652512662097990e+01,-5.547814069593557917e+01,-6.000559551272034753e+01,-6.468884012296375374e+01,-6.952970201856427934e+01,-7.454937634531856361e+01,-7.977310803621766411e+01,-8.521264675100418629e+01,-9.086060729465818042e+01,-9.671361402411908159e+01,-1.028190809135952577e+02,-1.092720281222486847e+02,-1.161943947659480614e+02,-1.237844791608461037e+02,-1.324404797218858505e+02,-1.426913288918162550e+02,-1.527395927750467308e+02,-3.000000000000000000e+00,-3.000000000000000000e+00,-3.000000000000000000e+00,-3.000000000000000000e+00,-3.000000000000000000e+00,-3.000000000000000000e+00,-3.000000000000000000e+00,-3.000000000000000000e+00,-3.000000000000000000e+00,-3.000000000000000000e+00,-3.000000000000000000e+00,-3.000000000000000000e+00,-3.000000000000000000e+00,-3.000000000000000000e+00,-3.000000000000000000e+00,-3.000000000000000000e+00,-3.000000000000000000e+00,-3.000000000000000000e+00
-1.145891290814926045e+01,-1.224581802287748467e+01,-1.382453461172504916e+01,-1.586916653025153323e+01,-1.823591091306527190e+01,-2.086290072020619846e+01,-2.372527639633393548e+01,-2.680399606429174497e+01,-3.007479503988082570e+01,-3.351674564288814651e+01,-3.713181709579879453e+01,-4.093564139755053333e+01,-4.492782817793616346e+01,-4.908099024327831472e+01,-5.337136993514953076e+01,-5.780499478607808328e+01,-6.239854736584894823e+01,-6.716097026515815571e+01,-7.209793058428360268e+01,-7.722328234460549368e+01,-8.255677507200350362e+01,-8.810807386516626138e+01,-9.387638820024591269e+01,-9.989352466449669521e+01,-1.062431511463168903e+02,-1.130596276371611850e+02,-1.205845506248043222e+02,-1.292583897166894928e+02,-1.395740524668680678e+02,-1.494818795965853155e+02,-3.000000000000000000e+00,-3.000000000000000000e+00,-3.000000000000000000e+00,-3.000000000000000000e+00,-3.000000000000000000e+00,-3.000000000000000000e+00,-3.000000000000000000e+00,-3.000000000000000000e+00,-3.000000000000000000e+00,-3.000000000000000000e+00,-3.000000000000000000e+00,-3.000000000000000000e+00,-3.000000000000000000e+00,-3.000000000000000000e+00,-3.000000000000000000e+00,-3.000000000000000000e+00,-3.000000000000000000e+00,-3.000000000000000000e+00,-3.000000000000000000e+00
-1.325038929476955474e+01,-1.406383137244210246e+01,-1.567067320899657012e+01,-1.774842635608732522e+01,-2.015337893096525690e+01,-2.282291409149645034e+01,-2.573199428607029304e+01,-2.885623240493418251e+01,-3.216522332318989186e+01,-3.564345924385752085e+01,-3.929837136221687643e+01,-4.314336328993956471e+01,-4.717881372190380773e+01,-5.138745988110701290e+01,-5.574908707295649890e+01,-6.025918048946203243e+01,-6.493164116730538638e+01,-6.978624252783272652e+01,-7.483736818100653920e+01,-8.009488421396683577e+01,-8.556669214790404965e+01,-9.125894081889140352e+01,-9.719632316459697563e+01,-1.034541993825072410e+02,-1.101722601773220589e+02,-1.175827135435952897e+02,-1.260831130802657896e+02,-1.362667100554562865e+02,-1.464110066549147291e+02,-3.000000000000000000e+00,-3.000000000000000000e+00,-3.000000000000000000e+00,-3.000000000000000000e+00,-3.000000000000000000e+00,-3.000000000000000000e+00,-3.000000000000000000e+00,-3.000000000000000000e+00,-3.000000000000000000e+00,-3.000000000000000000e+00,-3.000000000000000000e+00,-3.000000000000000000e+00,-3.000000000000000000e+00,-3.000000000000000000e+00,-3.000000000000000000e+00,-3.000000000000000000e+00,-3.000000000000000000e+00,-3.000000000000000000e+00,-3.000000000000000000e+00,-3.000000000000000000e+00
-1.513215769440123637e+01,-1.597308872638570065e+01,-1.760579340104739643e+01,-1.971088461528976055e+01,-2.214850581922608441e+01,-2.486114390914108085e+01,-2.782563537992766456e+01,-3.100884806689436246e+01,-3.437045443816118961e+01,-3.789742560140833660e+01,-4.160068758431501834e+01,-4.548983792110865920e+01,-4.956552841636407436e+01,-5.382469872341732753e+01,-5.825757091293621670e+01,-6.285208474073943563e+01,-6.761481954207863510e+01,-7.256953776739115369e+01,-7.774160558777276719e+01,-8.314695685095298927e+01,-8.878571491648878578e+01,-9.466876390608459246e+01,-1.008640183201287215e+02,-1.075094200675215177e+02,-1.148416038363082379e+02,-1.232637243423637443e+02,-1.331933310492173916e+02,-1.431411346750865334e+02,-3.000000000000000000e+00,-3.000000000000000000e+00,-3.000000000000000000e+00,-3.000000000000000000e+00,-3.000000000000000000e+00,-3.000000000000000000e+00,-3.000000000000000000e+00,-3.000000000000000000e+00,-3.000000000000000000e+00,-3.000000000000000000e+00,-3.000000000000000000e+00,-3.000000000000000000e+00,-3.000000000000000000e+00,-3.000000000000000000e+00,-3.000000000000000000e+00,-3.000000000000000000e+00,-3.000000000000000000e+00,-3.000000000000000000e+00,-3.000000000000000000e+00,-3.000000000000000000e+00,-3.000000000000000000e+00
-1.711388297852199969e+01,-1.798618183187045361e+01,-1.964241360902916256e+01,-2.176772712951057542e+01,-2.423342658119513615e+01,-2.698550420985969822e+01,-2.999605196928115092e+01,-3.323175320359381857e+01,-3.665666797720665926e+01,-4.025329670757218992e+01,-4.402441893227419456e+01,-4.797685096876798383e+01,-5.211363234790955090e+01,-5.643449151945734599e+01,-6.093501887498180025e+01,-6.561225218217346367e+01,-7.047110985360315283e+01,-7.552955459256006066e+01,-8.082105276424915985e+01,-8.637665601966105555e+01,-9.220737859270187187e+01,-9.834633302726788884e+01,-1.049250695185971409e+02,-1.122006212478086695e+02,-1.205457515294847894e+02,-1.302964898438600869e+02,-1.401947380222593722e+02,-3.000000000000000000e+00,-3.000000000000000000e+00,-3.000000000000000000e+00,-3.000000000000000000e+00,-3.000000000000000000e+00,-3.000000000000000000e+00,-3.000000000000000000e+00,-3.000000000000000000e+00,-3.000000000000000000e+00,-3.000000000000000000e+00,-3.000000000000000000e+00,-3.000000000000000000e+00,-3.000000000000000000e+00,-3.000000000000000000e+00,-3.000000000000000000e+00,-3.000000000000000000e+00,-3.000000000000000000e+00,-3.000000000000000000e+00,-3.000000000000000000e+00,-3.000000000000000000e+00,-3.000000000000000000e+00,-3.000000000000000000e+00
-1.918939758314910549e+01,-2.009658932369189444e+01,-2.178288594273870871e+01,-2.393402703879677063e+01,-2.642923150358165429e+01,-2.921374295242870289e+01,-3.225527945504875760e+01,-3.552997191321126280e+01,-3.901582130878255583e+01,-4.269160391826552825e+01,-4.654663827912536078e+01,-5.058257714317919351e+01,-5.480428544538712998e+01,-5.920913806999774209e+01,-6.379174582872540356e+01,-6.855959442431415596e+01,-7.352343480426594624e+01,-7.869925542673728103e+01,-8.412598869913614408e+01,-8.985254947251824831e+01,-9.592115173647057702e+01,-1.024131030853495474e+02,-1.095620799661393932e+02,-1.178106506418188673e+02,-1.274894874617460658e+02,-1.372646241696691050e+02,-3.000000000000000000e+00,-3.000000000000000000e+00,-3.000000000000000000e+00,-3.000000000000000000e+00,-3.000000000000000000e+00,-3.000000000000000000e+00,-3.000000000000000000e+00,-3.000000000000000000e+00,-3.000000000000000000e+00,-3.000000000000000000e+00,-3.000000000000000000e+00,-3.000000000000000000e+00,-3.000000000000000000e+00,-3.000000000000000000e+00,-3.000000000000000000e+00,-3.000000000000000000e+00,-3.000000000000000000e+00,-3.000000000000000000e+00,-3.000000000000000000e+00,-3.000000000000000000e+00,-3.000000000000000000e+00,-3.000000000000000000e+00,-3.000000000000000000e+00
-2.133986946800742501e+01,-2.228186652013412683e+01,-2.401098642143624318e+01,-2.621135706308146140e+01,-2.874941991772054806e+01,-3.156412047834297852e+01,-3.463098810280959583e+01,-3.793972998400319341e+01,-4.147893672329040982e+01,-4.522742515795679452e+01,-4.916534257964967480e+01,-5.328949816360701419e+01,-5.760358074397466055e+01,-6.210462312720065370e+01,-6.679408663253637712e+01,-7.168239420609131685e+01,-7.678229827061618096e+01,-8.211589671494034803e+01,-8.772770148905308929e+01,-9.368754349759780098e+01,-1.001015950818612339e+02,-1.071498479679955267e+02,-1.151318707015156235e+02,-1.243940784298815458e+02,-1.346702291714822479e+02,-3.000000000000000000e+00,-3.000000000000000000e+00,-3.000000000000000000e+00,-3.000000000000000000e+00,-3.000000000000000000e+00,-3.000000000000000000e+00,-3.000000000000000000e+00,-3.000000000000000000e+00,-3.000000000000000000e+00,-3.000000000000000000e+00,-3.000000000000000000e+00,-3.000000000000000000e+00,-3.000000000000000000e+00,-3.000000000000000000e+00,-3.000000000000000000e+00,-3.000000000000000000e+00,-3.000000000000000000e+00,-3.000000000000000000e+00,-3.000000000000000000e+00,-3.000000000000000000e+00,-3.000000000000000000e+00,-3.000000000000000000e+00,-3.000000000000000000e+00,-3.000000000000000000e+00
-2.356053707966646016e+01,-2.454019351749213840e+01,-2.632166703424145382e+01,-2.858403497059881104e+01,-3.117602928073300461e+01,-3.403243195454256664e+01,-3.713800751198483141e+01,-4.048960268216471547e+01,-4.408155179489114772e+01,-4.789548709727355913e+01,-5.190881691690117350e+01,-5.611536849830289242e+01,-6.051766093473987951e+01,-6.511828422138054862e+01,-6.993178751842684449e+01,-7.497341014079749755e+01,-8.025514869982828259e+01,-8.580387154880342848e+01,-9.167692268590263893e+01,-9.798803138937834944e+01,-1.049490601038856852e+02,-1.128663341184969084e+02,-1.218165843985398169e+02,-1.313650207556790974e+02,-1.416095804654888752e+02,-3.000000000000000000e+00,-3.000000000000000000e+00,-3.000000000000000000e+00,-3.000000000000000000e+00,-3.000000000000000000e+00,-3.000000000000000000e+00,-3.000000000000000000e+00,-3.000000000000000000e+00,-3.000000000000000000e+00,-3.000000000000000000e+00,-3.000000000000000000e+00,-3.000000000000000000e+00,-3.000000000000000000e+00,-3.000000000000000000e+00,-3.000000000000000000e+00,-3.000000000000000000e+00,-3.000000000000000000e+00,-3.000000000000000000e+00,-3.000000000000000000e+00,-3.000000000000000000e+00,-3.000000000000000000e+00,-3.000000000000000000e+00,-3.000000000000000000e+00,-3.000000000000000000e+00
-2.586271090327486277e+01,-2.688418506295497679e+01,-2.871297802493164752e+01,-3.102856867654982409e+01,-3.368060401498902934e+01,-3.660133023408292274e+01,-3.977178001794798945e+01,-4.318693583582525974e+01,-4.683909731209741523e+01,-5.071585698865282410e+01,-5.480554567671261879e+01,-5.909992838149867111e+01,-6.359633021804528852e+01,-6.830705433796865123e+01,-7.325549239945685542e+01,-7.846712416836764703e+01,-8.396817030237666302e+01,-8.979705526917486225e+01,-9.604227596258687072e+01,-1.028979933655211454e+02,-1.106654102871325307e+02,-1.195177296434355867e+02,-1.289701407240355309e+02,-1.387687816258022053e+02,-3.000000000000000000e+00,-3.000000000000000000e+00,-3.000000000000000000e+00,-3.000000000000000000e+00,-3.000000000000000000e+00,-3.000000000000000000e+00,-3.000000000000000000e+00,-3.000000000000000000e+00,-3.000000000000000000e+00,-3.000000000000000000e+00,-3.000000000000000000e+00,-3.000000000000000000e+00,-3.000000000000000000e+00,-3.000000000000000000e+00,-3.000000000000000000e+00,-3.000000000000000000e+00,-3.000000000000000000e+00,-3.000000000000000000e+00,-3.000000000000000000e+00,-3.000000000000000000e+00,-3.000000000000000000e+00,-3.000000000000000000e+00,-3.000000000000000000e+00,-3.000000000000000000e+00,-3.000000000000000000e+00
-2.824676357466595178e+01,-2.931250267841431878e+01,-3.118585206444744173e+01,-3.354833057161518894e+01,-3.626058560013057530e+01,-3.925819577300475061e+01,-4.251371937082493702e+01,-4.601097723695959019e+01,-4.973553400179157080e+01,-5.368372448714115563e+01,-5.785998147119221358e+01,-6.225910910049515934e+01,-6.687310774170721572e+01,-7.171626240929376195e+01,-7.681873931794345367e+01,-8.222462630030310038e+01,-8.799268069276291726e+01,-9.419849342548175741e+01,-1.009905081461473202e+02,-1.086250593845911254e+02,-1.172484545811771284e+02,-1.264884218042186035e+02,-1.361871069686308999e+02,-3.000000000000000000e+00,-3.000000000000000000e+00,-3.000000000000000000e+00,-3.000000000000000000e+00,-3.000000000000000000e+00,-3.000000000000000000e+00,-3.000000000000000000e+00,-3.000000000000000000e+00,-3.000000000000000000e+00,-3.000000000000000000e+00,-3.000000000000000000e+00,-3.000000000000000000e+00,-3.000000000000000000e+00,-3.000000000000000000e+00,-3.000000000000000000e+00,-3.000000000000000000e+00,-3.000000000000000000e+00,-3.000000000000000000e+00,-3.000000000000000000e+00,-3.000000000000000000e+00,-3.000000000000000000e+00,-3.000000000000000000e+00,-3.000000000000000000e+00,-3.000000000000000000e+00,-3.000000000000000000e+00,-3.000000000000000000e+00
-3.070993012116594301e+01,-3.182116698857326043e+01,-3.373894268308199429e+01,-3.615217946580234809e+01,-3.892960487019209381e+01,-4.200731924791288918e+01,-4.535007483685755858e+01,-4.893324863395638857e+01,-5.274434802818986157e+01,-5.678507253064032056e+01,-6.106166230361797886e+01,-6.557640054076020419e+01,-7.033330744942101376e+01,-7.534484476762615657e+01,-8.064710121123290776e+01,-8.631155936743681423e+01,-9.244572084163807801e+01,-9.919992368547141837e+01,-1.067654386151354942e+02,-1.152255741533988100e+02,-1.243253613264744928e+02,-1.338130499357691008e+02,-3.000000000000000000e+00,-3.000000000000000000e+00,-3.000000000000000000e+00,-3.000000000000000000e+00,-3.000000000000000000e+00,-3.000000000000000000e+00,-3.000000000000000000e+00,-3.000000000000000000e+00,-3.000000000000000000e+00,-3.000000000000000000e+00,-3.000000000000000000e+00,-3.000000000000000000e+00,-3.000000000000000000e+00,-3.000000000000000000e+00,-3.000000000000000000e+00,-3.000000000000000000e+00,-3.000000000000000000e+00,-3.000000000000000000e+00,-3.000000000000000000e+00,-3.000000000000000000e+00,-3.000000000000000000e+00,-3.000000000000000000e+00,-3.000000000000000000e+00,-3.000000000000000000e+00,-3.000000000000000000e+00,-3.000000000000000000e+00,-3.000000000000000000e+00
-3.326377554856975394e+01,-3.442548982578313144e+01,-3.639303462978804049e+01,-3.886020408228144873e+01,-4.170366111414681143e+01,-4.486098044776316129e+01,-4.828885865651667331e+01,-5.195901557585019503e+01,-5.586831985553945401e+01,-6.002059177061624240e+01,-6.441435715307616761e+01,-6.905792557843760449e+01,-7.397735774934132280e+01,-7.919969548082005417e+01,-8.477570138504987085e+01,-9.080968406135927751e+01,-9.747452358989609422e+01,-1.050051913519279054e+02,-1.134577449546354870e+02,-1.224339156849644183e+02,-1.318000118068497386e+02,-3.000000000000000000e+00,-3.000000000000000000e+00,-3.000000000000000000e+00,-3.000000000000000000e+00,-3.000000000000000000e+00,-3.000000000000000000e+00,-3.000000000000000000e+00,-3.000000000000000000e+00,-3.000000000000000000e+00,-3.000000000000000000e+00,-3.000000000000000000e+00,-3.000000000000000000e+00,-3.000000000000000000e+00,-3.000000000000000000e+00,-3.000000000000000000e+00,-3.000000000000000000e+00,-3.000000000000000000e+00,-3.000000000000000000e+00,-3.000000000000000000e+00,-3.000000000000000000e+00,-3.000000000000000000e+00,-3.000000000000000000e+00,-3.000000000000000000e+00,-3.000000000000000000e+00,-3.000000000000000000e+00,-3.000000000000000000e+00,-3.000000000000000000e+00,-3.000000000000000000e+00
-3.592309673367600453e+01,-3.714297595806564090e+01,-3.916647445189521903e+01,-4.169016190394759747e+01,-4.460162516579691072e+01,-4.784218190605353271e+01,-5.135897255048159593e+01,-5.512263046455004201e+01,-5.913851389631281563e+01,-6.341627857475532437e+01,-6.795408790847976377e+01,-7.276165071592309630e+01,-7.787339690890929944e+01,-8.335111819111739351e+01,-8.929807591671436739e+01,-9.586993935885436713e+01,-1.032475776435950507e+02,-1.115440197118303445e+02,-1.205955334183004766e+02,-1.300120819407721910e+02,-3.000000000000000000e+00,-3.000000000000000000e+00,-3.000000000000000000e+00,-3.000000000000000000e+00,-3.000000000000000000e+00,-3.000000000000000000e+00,-3.000000000000000000e+00,-3.000000000000000000e+00,-3.000000000000000000e+00,-3.000000000000000000e+00,-3.000000000000000000e+00,-3.000000000000000000e+00,-3.000000000000000000e+00,-3.000000000000000000e+00,-3.000000000000000000e+00,-3.000000000000000000e+00,-3.000000000000000000e+00,-3.000000000000000000e+00,-3.000000000000000000e+00,-3.000000000000000000e+00,-3.000000000000000000e+00,-3.000000000000000000e+00,-3.000000000000000000e+00,-3.000000000000000000e+00,-3.000000000000000000e+00,-3.000000000000000000e+00,-3.000000000000000000e+00,-3.000000000000000000e+00,-3.000000000000000000e+00
-3.868729508068739875e+01,-3.996999156113929530e+01,-4.205829774044659786e+01,-4.464879651675810379e+01,-4.763751809868282550e+01,-5.096798888071022304e+01,-5.457972925090775362e+01,-5.844504833011196610e+01,-6.257886008847004433e+01,-6.700189927311505755e+01,-7.171940529418169774e+01,-7.674261331860409996e+01,-8.211195968814513435e+01,-8.793224105411431424e+01,-9.439314795759835874e+01,-1.017113616040388990e+02,-1.098441280423123914e+02,-1.184876462951205411e+02,-1.277613831929910617e+02,-3.000000000000000000e+00,-3.000000000000000000e+00,-3.000000000000000000e+00,-3.000000000000000000e+00,-3.000000000000000000e+00,-3.000000000000000000e+00,-3.000000000000000000e+00,-3.000000000000000000e+00,-3.000000000000000000e+00,-3.000000000000000000e+00,-3.000000000000000000e+00,-3.000000000000000000e+00,-3.000000000000000000e+00,-3.000000000000000000e+00,-3.000000000000000000e+00,-3.000000000000000000e+00,-3.000000000000000000e+00,-3.000000000000000000e+00,-3.000000000000000000e+00,-3.000000000000000000e+00,-3.000000000000000000e+00,-3.000000000000000000e+00,-3.000000000000000000e+00,-3.000000000000000000e+00,-3.000000000000000000e+00,-3.000000000000000000e+00,-3.000000000000000000e+00,-3.000000000000000000e+00,-3.000000000000000000e+00,-3.000000000000000000e+00
-4.154627533808654505e+01,-4.288922346017304221e+01,-4.505196330051554554e+01,-4.773440017589692275e+01,-5.081574729499104137e+01,-5.423282824025454829e+01,-5.794385321117145793e+01,-6.192882719057020324e+01,-6.620065624291423489e+01,-7.079064215410859617e+01,-7.572219118623296197e+01,-8.101919379590212600e+01,-8.676326986677541697e+01,-9.312781364458237476e+01,-1.003254308327160516e+02,-1.084046124563057276e+02,-1.170157526149047840e+02,-1.259237402774932804e+02,-1.353109050779179938e+02,-3.000000000000000000e+00,-3.000000000000000000e+00,-3.000000000000000000e+00,-3.000000000000000000e+00,-3.000000000000000000e+00,-3.000000000000000000e+00,-3.000000000000000000e+00,-3.000000000000000000e+00,-3.000000000000000000e+00,-3.000000000000000000e+00,-3.000000000000000000e+00,-3.000000000000000000e+00,-3.000000000000000000e+00,-3.000000000000000000e+00,-3.000000000000000000e+00,-3.000000000000000000e+00,-3.000000000000000000e+00,-3.000000000000000000e+00,-3.000000000000000000e+00,-3.000000000000000000e+00,-3.000000000000000000e+00,-3.000000000000000000e+00,-3.000000000000000000e+00,-3.000000000000000000e+00,-3.000000000000000000e+00,-3.000000000000000000e+00,-3.000000000000000000e+00,-3.000000000000000000e+00,-3.000000000000000000e+00,-3.000000000000000000e+00
-4.449773839155790256e+01,-4.590684693613857092e+01,-4.815675071104812588e+01,-5.094611081802906227e+01,-5.412846813009402780e+01,-5.763525246065452734e+01,-6.145440380400732039e+01,-6.558120002820251671e+01,-7.002182285657727334e+01,-7.480933753512077544e+01,-7.999402430761939797e+01,-8.564738857972452024e+01,-9.194287955628422537e+01,-9.914285476245193252e+01,-1.072311049617265013e+02,-1.157437671639996921e+02,-1.246313437311754910e+02,-1.339259660054646019e+02,-3.000000000000000000e+00,-3.000000000000000000e+00,-3.000000000000000000e+00,-3.000000000000000000e+00,-3.000000000000000000e+00,-3.000000000000000000e+00,-3.000000000000000000e+00,-3.000000000000000000e+00,-3.000000000000000000e+00,-3.000000000000000000e+00,-3.000000000000000000e+00,-3.000000000000000000e+00,-3.000000000000000000e+00,-3.000000000000000000e+00,-3.000000000000000000e+00,-3.000000000000000000e+00,-3.000000000000000000e+00,-3.000000000000000000e+00,-3.000000000000000000e+00,-3.000000000000000000e+00,-3.000000000000000000e+00,-3.000000000000000000e+00,-3.000000000000000000e+00,-3.000000000000000000e+00,-3.000000000000000000e+00,-3.000000000000000000e+00,-3.000000000000000000e+00,-3.000000000000000000e+00,-3.000000000000000000e+00,-3.000000000000000000e+00,-3.000000000000000000e+00
-4.755629626494918938e+01,-4.904894209251570913e+01,-5.139298268373893563e+01,-5.428400984492533610e+01,-5.757392007459769445e+01,-6.119529051944961395e+01,-6.514650642511877265e+01,-6.944162583051361537e+01,-7.409128357117049291e+01,-7.913120100076464780e+01,-8.465228499821978403e+01,-9.081908668846776322e+01,-9.786328933812559683e+01,-1.059126839000864777e+02,-1.145954161107720921e+02,-1.235007334744810663e+02,-1.327679605890344874e+02,-3.000000000000000000e+00,-3.000000000000000000e+00,-3.000000000000000000e+00,-3.000000000000000000e+00,-3.000000000000000000e+00,-3.000000000000000000e+00,-3.000000000000000000e+00,-3.000000000000000000e+00,-3.000000000000000000e+00,-3.000000000000000000e+00,-3.000000000000000000e+00,-3.000000000000000000e+00,-3.000000000000000000e+00,-3.000000000000000000e+00,-3.000000000000000000e+00,-3.000000000000000000e+00,-3.000000000000000000e+00,-3.000000000000000000e+00,-3.000000000000000000e+00,-3.000000000000000000e+00,-3.000000000000000000e+00,-3.000000000000000000e+00,-3.000000000000000000e+00,-3.000000000000000000e+00,-3.000000000000000000e+00,-3.000000000000000000e+00,-3.000000000000000000e+00,-3.000000000000000000e+00,-3.000000000000000000e+00,-3.000000000000000000e+00,-3.000000000000000000e+00,-3.000000000000000000e+00
-5.073898575416569656e+01,-5.232771686235111019e+01,-5.477100760840308169e+01,-5.776416668173694546e+01,-6.117284818561814319e+01,-6.493816086845222912e+01,-6.906055856837524232e+01,-7.356536154438792607e+01,-7.848029841876446255e+01,-8.387212669010885691e+01,-8.989999987228715383e+01,-9.680977222328323251e+01,-1.046457592969354806e+02,-1.130192391756159225e+02,-1.219018580584744313e+02,-1.312844102760432463e+02,-3.000000000000000000e+00,-3.000000000000000000e+00,-3.000000000000000000e+00,-3.000000000000000000e+00,-3.000000000000000000e+00,-3.000000000000000000e+00,-3.000000000000000000e+00,-3.000000000000000000e+00,-3.000000000000000000e+00,-3.000000000000000000e+00,-3.000000000000000000e+00,-3.000000000000000000e+00,-3.000000000000000000e+00,-3.000000000000000000e+00,-3.000000000000000000e+00,-3.000000000000000000e+00,-3.000000000000000000e+00,-3.000000000000000000e+00,-3.000000000000000000e+00,-3.000000000000000000e+00,-3.000000000000000000e+00,-3.000000000000000000e+00,-3.000000000000000000e+00,-3.000000000000000000e+00,-3.000000000000000000e+00,-3.000000000000000000e+00,-3.000000000000000000e+00,-3.000000000000000000e+00,-3.000000000000000000e+00,-3.000000000000000000e+00,-3.000000000000000000e+00,-3.000000000000000000e+00,-3.000000000000000000e+00
-5.405197864906366334e+01,-5.574082164096630265e+01,-5.828636693321304563e+01,-6.139146356933366633e+01,-6.494265537034479507e+01,-6.889276890023204203e+01,-7.323457457436434481e+01,-7.799960476280875810e+01,-8.326813584271977220e+01,-8.918714353717382437e+01,-9.595886143851350880e+01,-1.036788488956300114e+02,-1.119845651746766748e+02,-1.205139880171547873e+02,-1.294575234538108361e+02,-3.000000000000000000e+00,-3.000000000000000000e+00,-3.000000000000000000e+00,-3.000000000000000000e+00,-3.000000000000000000e+00,-3.000000000000000000e+00,-3.000000000000000000e+00,-3.000000000000000000e+00,-3.000000000000000000e+00,-3.000000000000000000e+00,-3.000000000000000000e+00,-3.000000000000000000e+00,-3.000000000000000000e+00,-3.000000000000000000e+00,-3.000000000000000000e+00,-3.000000000000000000e+00,-3.000000000000000000e+00,-3.000000000000000000e+00,-3.000000000000000000e+00,-3.000000000000000000e+00,-3.000000000000000000e+00,-3.000000000000000000e+00,-3.000000000000000000e+00,-3.000000000000000000e+00,-3.000000000000000000e+00,-3.000000000000000000e+00,-3.000000000000000000e+00,-3.000000000000000000e+00,-3.000000000000000000e+00,-3.000000000000000000e+00,-3.000000000000000000e+00,-3.000000000000000000e+00,-3.000000000000000000e+00,-3.000000000000000000e+00
-5.749764071545792632e+01,-5.929421396624640295e+01,-6.195287760139581223e+01,-6.518642419660957898e+01,-6.890517520053712985e+01,-7.308006314690679517e+01,-7.769901115647353151e+01,-8.280775812533040892e+01,-8.856951629878410870e+01,-9.523336879722054960e+01,-1.028759137289753909e+02,-1.110893266933400270e+02,-1.196128705948161439e+02,-1.283819899014223438e+02,-3.000000000000000000e+00,-3.000000000000000000e+00,-3.000000000000000000e+00,-3.000000000000000000e+00,-3.000000000000000000e+00,-3.000000000000000000e+00,-3.000000000000000000e+00,-3.000000000000000000e+00,-3.000000000000000000e+00,-3.000000000000000000e+00,-3.000000000000000000e+00,-3.000000000000000000e+00,-3.000000000000000000e+00,-3.000000000000000000e+00,-3.000000000000000000e+00,-3.000000000000000000e+00,-3.000000000000000000e+00,-3.000000000000000000e+00,-3.000000000000000000e+00,-3.000000000000000000e+00,-3.000000000000000000e+00,-3.000000000000000000e+00,-3.000000000000000000e+00,-3.000000000000000000e+00,-3.000000000000000000e+00,-3.000000000000000000e+00,-3.000000000000000000e+00,-3.000000000000000000e+00,-3.000000000000000000e+00,-3.000000000000000000e+00,-3.000000000000000000e+00,-3.000000000000000000e+00,-3.000000000000000000e+00,-3.000000000000000000e+00,-3.000000000000000000e+00
-6.108337394377736018e+01,-6.300258840756840328e+01,-6.579774357409432639e+01,-6.919389733203018977e+01,-7.311218252639459081e+01,-7.754151310125496366e+01,-8.250967286049518634e+01,-8.811344800503889019e+01,-9.453798665973647530e+01,-1.019535504254359353e+02,-1.101954563940251148e+02,-1.187550981682488356e+02,-1.275711843295321160e+02,-3.000000000000000000e+00,-3.000000000000000000e+00,-3.000000000000000000e+00,-3.000000000000000000e+00,-3.000000000000000000e+00,-3.000000000000000000e+00,-3.000000000000000000e+00,-3.000000000000000000e+00,-3.000000000000000000e+00,-3.000000000000000000e+00,-3.000000000000000000e+00,-3.000000000000000000e+00,-3.000000000000000000e+00,-3.000000000000000000e+00,-3.000000000000000000e+00,-3.000000000000000000e+00,-3.000000000000000000e+00,-3.000000000000000000e+00,-3.000000000000000000e+00,-3.000000000000000000e+00,-3.000000000000000000e+00,-3.000000000000000000e+00,-3.000000000000000000e+00,-3.000000000000000000e+00,-3.000000000000000000e+00,-3.000000000000000000e+00,-3.000000000000000000e+00,-3.000000000000000000e+00,-3.000000000000000000e+00,-3.000000000000000000e+00,-3.000000000000000000e+00,-3.000000000000000000e+00,-3.000000000000000000e+00,-3.000000000000000000e+00,-3.000000000000000000e+00,-3.000000000000000000e+00
-6.481945825481429324e+01,-6.688510901111769158e+01,-6.985258734566343719e+01,-7.345397080880455576e+01,-7.762177695802049016e+01,-8.237286075591231338e+01,-8.780587683232276675e+01,-9.407823458268801176e+01,-1.012361102713449981e+02,-1.091046921398065876e+02,-1.175898691898035509e+02,-1.265098825676340653e+02,-1.358103104261015233e+02,-3.000000000000000000e+00,-3.000000000000000000e+00,-3.000000000000000000e+00,-3.000000000000000000e+00,-3.000000000000000000e+00,-3.000000000000000000e+00,-3.000000000000000000e+00,-3.000000000000000000e+00,-3.000000000000000000e+00,-3.000000000000000000e+00,-3.000000000000000000e+00,-3.000000000000000000e+00,-3.000000000000000000e+00,-3.000000000000000000e+00,-3.000000000000000000e+00,-3.000000000000000000e+00,-3.000000000000000000e+00,-3.000000000000000000e+00,-3.000000000000000000e+00,-3.000000000000000000e+00,-3.000000000000000000e+00,-3.000000000000000000e+00,-3.000000000000000000e+00,-3.000000000000000000e+00,-3.000000000000000000e+00,-3.000000000000000000e+00,-3.000000000000000000e+00,-3.000000000000000000e+00,-3.000000000000000000e+00,-3.000000000000000000e+00,-3.000000000000000000e+00,-3.000000000000000000e+00,-3.000000000000000000e+00,-3.000000000000000000e+00,-3.000000000000000000e+00,-3.000000000000000000e+00
-6.872834776925849098e+01,-7.097118814837865841e+01,-7.414820185726274815e+01,-7.800295503853314472e+01,-8.250481464389224584e+01,-8.773017838300573601e+01,-9.379354205068648298e+01,-1.007568165869488013e+02,-1.084796166406442097e+02,-1.167036867525441437e+02,-1.254111975388734379e+02,-1.346591422528808835e+02,-3.000000000000000000e+00,-3.000000000000000000e+00,-3.000000000000000000e+00,-3.000000000000000000e+00,-3.000000000000000000e+00,-3.000000000000000000e+00,-3.000000000000000000e+00,-3.000000000000000000e+00,-3.000000000000000000e+00,-3.000000000000000000e+00,-3.000000000000000000e+00,-3.000000000000000000e+00,-3.000000000000000000e+00,-3.000000000000000000e+00,-3.000000000000000000e+00,-3.000000000000000000e+00,-3.000000000000000000e+00,-3.000000000000000000e+00,-3.000000000000000000e+00,-3.000000000000000000e+00,-3.000000000000000000e+00,-3.000000000000000000e+00,-3.000000000000000000e+00,-3.000000000000000000e+00,-3.000000000000000000e+00,-3.000000000000000000e+00,-3.000000000000000000e+00,-3.000000000000000000e+00,-3.000000000000000000e+00,-3.000000000000000000e+00,-3.000000000000000000e+00,-3.000000000000000000e+00,-3.000000000000000000e+00,-3.000000000000000000e+00,-3.000000000000000000e+00,-3.000000000000000000e+00,-3.000000000000000000e+00
-7.284323936228005891e+01,-7.530209376089112538e+01,-7.873971387515314291e+01,-8.292357708745213074e+01,-8.788667447809763189e+01,-9.378180042470613387e+01,-1.006025927376815332e+02,-1.080762628851352503e+02,-1.161247965040622461e+02,-1.247213556364001477e+02,-1.338276567538584914e+02,-3.000000000000000000e+00,-3.000000000000000000e+00,-3.000000000000000000e+00,-3.000000000000000000e+00,-3.000000000000000000e+00,-3.000000000000000000e+00,-3.000000000000000000e+00,-3.000000000000000000e+00,-3.000000000000000000e+00,-3.000000000000000000e+00,-3.000000000000000000e+00,-3.000000000000000000e+00,-3.000000000000000000e+00,-3.000000000000000000e+00,-3.000000000000000000e+00,-3.000000000000000000e+00,-3.000000000000000000e+00,-3.000000000000000000e+00,-3.000000000000000000e+00,-3.000000000000000000e+00,-3.000000000000000000e+00,-3.000000000000000000e+00,-3.000000000000000000e+00,-3.000000000000000000e+00,-3.000000000000000000e+00,-3.000000000000000000e+00,-3.000000000000000000e+00,-3.000000000000000000e+00,-3.000000000000000000e+00,-3.000000000000000000e+00,-3.000000000000000000e+00,-3.000000000000000000e+00,-3.000000000000000000e+00,-3.000000000000000000e+00,-3.000000000000000000e+00,-3.000000000000000000e+00,-3.000000000000000000e+00,-3.000000000000000000e+00
-7.719384822096624532e+01,-7.991318740908323548e+01,-8.369259100980232802e+01,-8.834514688276306060e+01,-9.391867791979407798e+01,-1.004962288844867970e+02,-1.079436589189708542e+02,-1.158658233013237719e+02,-1.242217386680246705e+02,-1.331958421832511590e+02,-3.000000000000000000e+00,-3.000000000000000000e+00,-3.000000000000000000e+00,-3.000000000000000000e+00,-3.000000000000000000e+00,-3.000000000000000000e+00,-3.000000000000000000e+00,-3.000000000000000000e+00,-3.000000000000000000e+00,-3.000000000000000000e+00,-3.000000000000000000e+00,-3.000000000000000000e+00,-3.000000000000000000e+00,-3.000000000000000000e+00,-3.000000000000000000e+00,-3.000000000000000000e+00,-3.000000000000000000e+00,-3.000000000000000000e+00,-3.000000000000000000e+00,-3.000000000000000000e+00,-3.000000000000000000e+00,-3.000000000000000000e+00,-3.000000000000000000e+00,-3.000000000000000000e+00,-3.000000000000000000e+00,-3.000000000000000000e+00,-3.000000000000000000e+00,-3.000000000000000000e+00,-3.000000000000000000e+00,-3.000000000000000000e+00,-3.000000000000000000e+00,-3.000000000000000000e+00,-3.000000000000000000e+00,-3.000000000000000000e+00,-3.000000000000000000e+00,-3.000000000000000000e+00,-3.000000000000000000e+00,-3.000000000000000000e+00,-3.000000000000000000e+00
-8.180385306266167333e+01,-8.484367884487565448e+01,-8.907726574218243343e+01,-9.435976959564830224e+01,-1.006141894055041206e+02,-1.076309902834051968e+02,-1.153659678770943344e+02,-1.236814829750654638e+02,-1.325037216565734752e+02,-3.000000000000000000e+00,-3.000000000000000000e+00,-3.000000000000000000e+00,-3.000000000000000000e+00,-3.000000000000000000e+00,-3.000000000000000000e+00,-3.000000000000000000e+00,-3.000000000000000000e+00,-3.000000000000000000e+00,-3.000000000000000000e+00,-3.000000000000000000e+00,-3.000000000000000000e+00,-3.000000000000000000e+00,-3.000000000000000000e+00,-3.000000000000000000e+00,-3.000000000000000000e+00,-3.000000000000000000e+00,-3.000000000000000000e+00,-3.000000000000000000e+00,-3.000000000000000000e+00,-3.000000000000000000e+00,-3.000000000000000000e+00,-3.000000000000000000e+00,-3.000000000000000000e+00,-3.000000000000000000e+00,-3.000000000000000000e+00,-3.000000000000000000e+00,-3.000000000000000000e+00,-3.000000000000000000e+00,-3.000000000000000000e+00,-3.000000000000000000e+00,-3.000000000000000000e+00,-3.000000000000000000e+00,-3.000000000000000000e+00,-3.000000000000000000e+00,-3.000000000000000000e+00,-3.000000000000000000e+00,-3.000000000000000000e+00,-3.000000000000000000e+00,-3.000000000000000000e+00
-8.672480148110938103e+01,-9.017910934924631761e+01,-9.497712546998540972e+01,-1.009034621978245667e+02,-1.077322642559516339e+02,-1.151508277368382949e+02,-1.231217341324511096e+02,-1.317227660815230479e+02,-3.000000000000000000e+00,-3.000000000000000000e+00,-3.000000000000000000e+00,-3.000000000000000000e+00,-3.000000000000000000e+00,-3.000000000000000000e+00,-3.000000000000000000e+00,-3.000000000000000000e+00,-3.000000000000000000e+00,-3.000000000000000000e+00,-3.000000000000000000e+00,-3.000000000000000000e+00,-3.000000000000000000e+00,-3.000000000000000000e+00,-3.000000000000000000e+00,-3.000000000000000000e+00,-3.000000000000000000e+00,-3.000000000000000000e+00,-3.000000000000000000e+00,-3.000000000000000000e+00,-3.000000000000000000e+00,-3.000000000000000000e+00,-3.000000000000000000e+00,-3.000000000000000000e+00,-3.000000000000000000e+00,-3.000000000000000000e+00,-3.000000000000000000e+00,-3.000000000000000000e+00,-3.000000000000000000e+00,-3.000000000000000000e+00,-3.000000000000000000e+00,-3.000000000000000000e+00,-3.000000000000000000e+00,-3.000000000000000000e+00,-3.000000000000000000e+00,-3.000000000000000000e+00,-3.000000000000000000e+00,-3.000000000000000000e+00,-3.000000000000000000e+00,-3.000000000000000000e+00,-3.000000000000000000e+00
-9.207905603439961340e+01,-9.605003432358074633e+01,-1.014778797792519356e+02,-1.079066432103451234e+02,-1.151380307829865473e+02,-1.230603054492368358e+02,-1.315542742010573534e+02,-3.000000000000000000e+00,-3.000000000000000000e+00,-3.000000000000000000e+00,-3.000000000000000000e+00,-3.000000000000000000e+00,-3.000000000000000000e+00,-3.000000000000000000e+00,-3.000000000000000000e+00,-3.000000000000000000e+00,-3.000000000000000000e+00,-3.000000000000000000e+00,-3.000000000000000000e+00,-3.000000000000000000e+00,-3.000000000000000000e+00,-3.000000000000000000e+00,-3.000000000000000000e+00,-3.000000000000000000e+00,-3.000000000000000000e+00,-3.000000000000000000e+00,-3.000000000000000000e+00,-3.000000000000000000e+00,-3.000000000000000000e+00,-3.000000000000000000e+00,-3.000000000000000000e+00,-3.000000000000000000e+00,-3.000000000000000000e+00,-3.000000000000000000e+00,-3.000000000000000000e+00,-3.000000000000000000e+00,-3.000000000000000000e+00,-3.000000000000000000e+00,-3.000000000000000000e+00,-3.000000000000000000e+00,-3.000000000000000000e+00,-3.000000000000000000e+00,-3.000000000000000000e+00,-3.000000000000000000e+00,-3.000000000000000000e+00,-3.000000000000000000e+00,-3.000000000000000000e+00,-3.000000000000000000e+00,-3.000000000000000000e+00
-9.798481788756576805e+01,-1.025025061623390314e+02,-1.085751525721784105e+02,-1.154642211923525821e+02,-1.229991373321945218e+02,-1.315271597208658534e+02,-1.407389247375607511e+02,-3.000000000000000000e+00,-3.000000000000000000e+00,-3.000000000000000000e+00,-3.000000000000000000e+00,-3.000000000000000000e+00,-3.000000000000000000e+00,-3.000000000000000000e+00,-3.000000000000000000e+00,-3.000000000000000000e+00,-3.000000000000000000e+00,-3.000000000000000000e+00,-3.000000000000000000e+00,-3.000000000000000000e+00,-3.000000000000000000e+00,-3.000000000000000000e+00,-3.000000000000000000e+00,-3.000000000000000000e+00,-3.000000000000000000e+00,-3.000000000000000000e+00,-3.000000000000000000e+00,-3.000000000000000000e+00,-3.000000000000000000e+00,-3.000000000000000000e+00,-3.000000000000000000e+00,-3.000000000000000000e+00,-3.000000000000000000e+00,-3.000000000000000000e+00,-3.000000000000000000e+00,-3.000000000000000000e+00,-3.000000000000000000e+00,-3.000000000000000000e+00,-3.000000000000000000e+00,-3.000000000000000000e+00,-3.000000000000000000e+00,-3.000000000000000000e+00,-3.000000000000000000e+00,-3.000000000000000000e+00,-3.000000000000000000e+00,-3.000000000000000000e+00,-3.000000000000000000e+00,-3.000000000000000000e+00,-3.000000000000000000e+00
-1.044126663998925011e+02,-1.094643201653484397e+02,-1.161822144120266387e+02,-1.233539293470290659e+02,-1.310330513493196918e+02,-1.404326482544144312e+02,-3.000000000000000000e+00,-3.000000000000000000e+00,-3.000000000000000000e+00,-3.000000000000000000e+00,-3.000000000000000000e+00,-3.000000000000000000e+00,-3.000000000000000000e+00,-3.000000000000000000e+00,-3.000000000000000000e+00,-3.000000000000000000e+00,-3.000000000000000000e+00,-3.000000000000000000e+00,-3.000000000000000000e+00,-3.000000000000000000e+00,-3.000000000000000000e+00,-3.000000000000000000e+00,-3.000000000000000000e+00,-3.000000000000000000e+00,-3.000000000000000000e+00,-3.000000000000000000e+00,-3.000000000000000000e+00,-3.000000000000000000e+00,-3.000000000000000000e+00,-3.000000000000000000e+00,-3.000000000000000000e+00,-3.000000000000000000e+00,-3.000000000000000000e+00,-3.000000000000000000e+00,-3.000000000000000000e+00,-3.000000000000000000e+00,-3.000000000000000000e+00,-3.000000000000000000e+00,-3.000000000000000000e+00,-3.000000000000000000e+00,-3.000000000000000000e+00,-3.000000000000000000e+00,-3.000000000000000000e+00,-3.000000000000000000e+00,-3.000000000000000000e+00,-3.000000000000000000e+00,-3.000000000000000000e+00,-3.000000000000000000e+00,-3.000000000000000000e+00
-1.112769702297278087e+02,-1.168692831380308377e+02,-1.242384367283868869e+02,-1.314521288346021777e+02,-1.391438081176742401e+02,-3.000000000000000000e+00,-3.000000000000000000e+00,-3.000000000000000000e+00,-3.000000000000000000e+00,-3.000000000000000000e+00,-3.000000000000000000e+00,-3.000000000000000000e+00,-3.000000000000000000e+00,-3.000000000000000000e+00,-3.000000000000000000e+00,-3.000000000000000000e+00,-3.000000000000000000e+00,-3.000000000000000000e+00,-3.000000000000000000e+00,-3.000000000000000000e+00,-3.000000000000000000e+00,-3.000000000000000000e+00,-3.000000000000000000e+00,-3.000000000000000000e+00,-3.000000000000000000e+00,-3.000000000000000000e+00,-3.000000000000000000e+00,-3.000000000000000000e+00,-3.000000000000000000e+00,-3.000000000000000000e+00,-3.000000000000000000e+00,-3.000000000000000000e+00,-3.000000000000000000e+00,-3.000000000000000000e+00,-3.000000000000000000e+00,-3.000000000000000000e+00,-3.000000000000000000e+00,-3.000000000000000000e+00,-3.000000000000000000e+00,-3.000000000000000000e+00,-3.000000000000000000e+00,-3.000000000000000000e+00,-3.000000000000000000e+00,-3.000000000000000000e+00,-3.000000000000000000e+00,-3.000000000000000000e+00,-3.000000000000000000e+00,-3.000000000000000000e+00,-3.000000000000000000e+00
-1.186115369323981668e+02,-1.247834974141367326e+02,-1.319302507736282166e+02,-1.398569355384234427e+02,-3.000000000000000000e+00,-3.000000000000000000e+00,-3.000000000000000000e+00,-3.000000000000000000e+00,-3.000000000000000000e+00,-3.000000000000000000e+00,-3.000000000000000000e+00,-3.000000000000000000e+00,-3.000000000000000000e+00,-3.000000000000000000e+00,-3.000000000000000000e+00,-3.000000000000000000e+00,-3.000000000000000000e+00,-3.000000000000000000e+00,-3.000000000000000000e+00,-3.000000000000000000e+00,-3.000000000000000000e+00,-3.000000000000000000e+00,-3.000000000000000000e+00,-3.000000000000000000e+00,-3.000000000000000000e+00,-3.000000000000000000e+00,-3.000000000000000000e+00,-3.000000000000000000e+00,-3.000000000000000000e+00,-3.000000000000000000e+00,-3.000000000000000000e+00,-3.000000000000000000e+00,-3.000000000000000000e+00,-3.000000000000000000e+00,-3.000000000000000000e+00,-3.000000000000000000e+00,-3.000000000000000000e+00,-3.000000000000000000e+00,-3.000000000000000000e+00,-3.000000000000000000e+00,-3.000000000000000000e+00,-3.000000000000000000e+00,-3.000000000000000000e+00,-3.000000000000000000e+00,-3.000000000000000000e+00,-3.000000000000000000e+00,-3.000000000000000000e+00,-3.000000000000000000e+00,-3.000000000000000000e+00
-1.264843477907172087e+02,-1.333166560155165996e+02,-1.408407689817815083e+02,-3.000000000000000000e+00,-3.000000000000000000e+00,-3.000000000000000000e+00,-3.000000000000000000e+00,-3.000000000000000000e+00,-3.000000000000000000e+00,-3.000000000000000000e+00,-3.000000000000000000e+00,-3.000000000000000000e+00,-3.000000000000000000e+00,-3.000000000000000000e+00,-3.000000000000000000e+00,-3.000000000000000000e+00,-3.000000000000000000e+00,-3.000000000000000000e+00,-3.000000000000000000e+00,-3.000000000000000000e+00,-3.000000000000000000e+00,-3.000000000000000000e+00,-3.000000000000000000e+00,-3.000000000000000000e+00,-3.000000000000000000e+00,-3.000000000000000000e+00,-3.000000000000000000e+00,-3.000000000000000000e+00,-3.000000000000000000e+00,-3.000000000000000000e+00,-3.000000000000000000e+00,-3.000000000000000000e+00,-3.000000000000000000e+00,-3.000000000000000000e+00,-3.000000000000000000e+00,-3.000000000000000000e+00,-3.000000000000000000e+00,-3.000000000000000000e+00,-3.000000000000000000e+00,-3.000000000000000000e+00,-3.000000000000000000e+00,-3.000000000000000000e+00,-3.000000000000000000e+00,-3.000000000000000000e+00,-3.000000000000000000e+00,-3.000000000000000000e+00,-3.000000000000000000e+00,-3.000000000000000000e+00,-3.000000000000000000e+00
-1.346179894565742359e+02,-1.416666936480371533e+02,-3.000000000000000000e+00,-3.000000000000000000e+00,-3.000000000000000000e+00,-3.000000000000000000e+00,-3.000000000000000000e+00,-3.000000000000000000e+00,-3.000000000000000000e+00,-3.000000000000000000e+00,-3.000000000000000000e+00,-3.000000000000000000e+00,-3.000000000000000000e+00,-3.000000000000000000e+00,-3.000000000000000000e+00,-3.000000000000000000e+00,-3.000000000000000000e+00,-3.000000000000000000e+00,-3.000000000000000000e+00,-3.000000000000000000e+00,-3.000000000000000000e+00,-3.000000000000000000e+00,-3.000000000000000000e+00,-3.000000000000000000e+00,-3.000000000000000000e+00,-3.000000000000000000e+00,-3.000000000000000000e+00,-3.000000000000000000e+00,-3.000000000000000000e+00,-3.000000000000000000e+00,-3.000000000000000000e+00,-3.000000000000000000e+00,-3.000000000000000000e+00,-3.000000000000000000e+00,-3.000000000000000000e+00,-3.000000000000000000e+00,-3.000000000000000000e+00,-3.000000000000000000e+00,-3.000000000000000000e+00,-3.000000000000000000e+00,-3.000000000000000000e+00,-3.000000000000000000e+00,-3.000000000000000000e+00,-3.000000000000000000e+00,-3.000000000000000000e+00,-3.000000000000000000e+00,-3.000000000000000000e+00,-3.000000000000000000e+00,-3.000000000000000000e+00
-1.433064756305842309e+02,-3.000000000000000000e+00,-3.000000000000000000e+00,-3.000000000000000000e+00,-3.000000000000000000e+00,-3.000000000000000000e+00,-3.000000000000000000e+00,-3.000000000000000000e+00,-3.000000000000000000e+00,-3.000000000000000000e+00,-3.000000000000000000e+00,-3.000000000000000000e+00,-3.000000000000000000e+00,-3.000000000000000000e+00,-3.000000000000000000e+00,-3.000000000000000000e+00,-3.000000000000000000e+00,-3.000000000000000000e+00,-3.000000000000000000e+00,-3.000000000000000000e+00,-3.000000000000000000e+00,-3.000000000000000000e+00,-3.000000000000000000e+00,-3.000000000000000000e+00,-3.000000000000000000e+00,-3.000000000000000000e+00,-3.000000000000000000e+00,-3.000000000000000000e+00,-3.000000000000000000e+00,-3.000000000000000000e+00,-3.000000000000000000e+00,-3.000000000000000000e+00,-3.000000000000000000e+00,-3.000000000000000000e+00,-3.000000000000000000e+00,-3.000000000000000000e+00,-3.000000000000000000e+00,-3.000000000000000000e+00,-3.000000000000000000e+00,-3.000000000000000000e+00,-3.000000000000000000e+00,-3.000000000000000000e+00,-3.000000000000000000e+00,-3.000000000000000000e+00,-3.000000000000000000e+00,-3.000000000000000000e+00,-3.000000000000000000e+00,-3.000000000000000000e+00,-3.000000000000000000e+00
-1.525004104024989147e+02,-3.000000000000000000e+00,-3.000000000000000000e+00,-3.000000000000000000e+00,-3.000000000000000000e+00,-3.000000000000000000e+00,-3.000000000000000000e+00,-3.000000000000000000e+00,-3.000000000000000000e+00,-3.000000000000000000e+00,-3.000000000000000000e+00,-3.000000000000000000e+00,-3.000000000000000000e+00,-3.000000000000000000e+00,-3.000000000000000000e+00,-3.000000000000000000e+00,-3.000000000000000000e+00,-3.000000000000000000e+00,-3.000000000000000000e+00,-3.000000000000000000e+00,-3.000000000000000000e+00,-3.000000000000000000e+00,-3.000000000000000000e+00,-3.000000000000000000e+00,-3.000000000000000000e+00,-3.000000000000000000e+00,-3.000000000000000000e+00,-3.000000000000000000e+00,-3.000000000000000000e+00,-3.000000000000000000e+00,-3.000000000000000000e+00,-3.000000000000000000e+00,-3.000000000000000000e+00,-3.000000000000000000e+00,-3.000000000000000000e+00,-3.000000000000000000e+00,-3.000000000000000000e+00,-3.000000000000000000e+00,-3.000000000000000000e+00,-3.000000000000000000e+00,-3.000000000000000000e+00,-3.000000000000000000e+00,-3.000000000000000000e+00,-3.000000000000000000e+00,-3.000000000000000000e+00,-3.000000000000000000e+00,-3.000000000000000000e+00,-3.000000000000000000e+00,-3.000000000000000000e+00
